"","conduct_problems","child_age","white","female","region","trait_anger","trait_physical","trait_verbal","trait_hostility","game_violent_time","game_time","game_one_time","game_two_time","game_three_time","rc_game_01_violence_PEGI","rc_game_02_violence_PEGI","rc_game_03_violence_PEGI"
"1",5,14,1,NA,1,1,1,1,1.33333333333333,1,1.5,0.5,0.5,0.5,1,NA,1
"2",6,15,1,NA,10,2,1,1.33333333333333,2.33333333333333,NA,NA,NA,NA,NA,NA,NA,NA
"3",5,14,1,NA,8,2.66666666666667,1.33333333333333,3,3.66666666666667,2,NA,1,1,NA,1,1,NA
"4",9,14,1,0,9,3.33333333333333,2.33333333333333,3.33333333333333,2.66666666666667,NA,NA,NA,NA,NA,NA,NA,NA
"5",6,14,1,0,4,3,2.33333333333333,3.66666666666667,3,1,NA,1,0.5,NA,1,NA,NA
"6",8,15,1,0,3,1,1,1,1.33333333333333,1,3,1,1,1,1,NA,NA
"7",5,14,1,0,2,1.66666666666667,1,1.66666666666667,3,NA,NA,NA,NA,NA,NA,NA,NA
"8",6,15,1,0,9,1.33333333333333,2.66666666666667,1.33333333333333,2,6,6,2,2,2,1,1,1
"9",14,14,1,0,11,2.66666666666667,3.33333333333333,2.66666666666667,2.33333333333333,NA,NA,NA,NA,NA,NA,NA,NA
"10",12,15,1,0,9,4,3.66666666666667,4.33333333333333,4,7,7,2,2,3,1,1,1
"11",6,15,1,0,6,1,3,2.33333333333333,2.33333333333333,1,1.5,0.5,0.5,0.5,1,NA,1
"12",7,14,1,0,10,3,1.66666666666667,2,2.66666666666667,NA,NA,NA,NA,NA,NA,NA,NA
"13",13,15,1,0,10,1,1,2.33333333333333,3.33333333333333,NA,NA,NA,NA,NA,NA,NA,NA
"14",6,15,1,0,8,2,1.66666666666667,2,1,0,NA,1,NA,NA,NA,NA,NA
"15",5,15,1,0,8,1,1,1.66666666666667,2,NA,NA,NA,NA,NA,NA,NA,NA
"16",7,15,1,0,10,3.33333333333333,1.33333333333333,3,3,4,6,1,2,3,1,NA,1
"17",5,14,1,0,3,1.66666666666667,1,1.33333333333333,2.33333333333333,6,6,2,2,2,1,1,1
"18",11,14,1,0,9,4,3.66666666666667,4,3,0,NA,0.5,NA,NA,NA,NA,NA
"19",8,15,1,0,9,3.33333333333333,3.66666666666667,3.66666666666667,3.33333333333333,1,NA,1,NA,NA,1,NA,NA
"20",8,15,1,0,8,2.66666666666667,3.33333333333333,3.66666666666667,4.33333333333333,4.5,4.5,2,2,0.5,1,1,1
"21",12,15,1,0,9,5,5,5,5,NA,NA,NA,NA,NA,NA,NA,NA
"22",5,15,1,0,5,2,2.66666666666667,2.66666666666667,2.33333333333333,4,5,1,2,2,NA,1,1
"23",5,15,1,0,10,1,1,1.66666666666667,2.66666666666667,3,NA,3,NA,NA,1,NA,NA
"24",7,14,1,0,8,1,1,1,1,0,NA,0.5,NA,NA,NA,NA,NA
"25",5,15,1,0,4,2,2,2.66666666666667,2,2,2,0.5,1,0.5,1,1,1
"26",6,14,0,0,9,1,1,1.33333333333333,1.33333333333333,0,NA,1,NA,NA,NA,NA,NA
"27",5,14,1,0,3,3,3.66666666666667,3,4.33333333333333,NA,NA,NA,NA,NA,NA,NA,NA
"28",7,15,1,0,3,1.66666666666667,1,1.33333333333333,2.33333333333333,2,3.5,0.5,1,2,NA,NA,1
"29",5,14,1,0,10,2,2.33333333333333,2.33333333333333,3,2,2,0.5,1,0.5,1,1,1
"30",5,15,1,0,9,1,1,1,1.66666666666667,0,NA,2,NA,NA,NA,NA,NA
"31",5,14,1,0,8,1.66666666666667,1.33333333333333,1,1.66666666666667,NA,NA,NA,NA,NA,NA,NA,NA
"32",8,14,1,0,9,3.66666666666667,3.33333333333333,3.66666666666667,3.33333333333333,2,NA,2,NA,NA,1,NA,NA
"33",12,14,1,0,5,4.33333333333333,4.66666666666667,4,4.33333333333333,4,NA,3,4,NA,NA,1,NA
"34",6,14,1,0,3,1.33333333333333,1,1.33333333333333,2.66666666666667,2,NA,2,NA,NA,1,NA,NA
"35",11,14,1,0,3,4,3.66666666666667,4.66666666666667,4.33333333333333,5,NA,5,NA,NA,1,NA,NA
"36",10,15,1,0,6,3.33333333333333,2.33333333333333,2.66666666666667,2,2,3,1,1,1,1,NA,1
"37",6,15,1,0,1,2,2,2,2,2,2,1,0.5,0.5,1,1,1
"38",6,15,0,0,9,3,2.66666666666667,2.33333333333333,3,2,NA,2,2,NA,NA,1,NA
"39",12,14,1,0,9,1,1,1,1,NA,NA,NA,NA,NA,NA,NA,NA
"40",12,15,1,0,9,5,5,3.66666666666667,5,NA,NA,0.5,NA,NA,NA,NA,NA
"41",5,14,1,0,3,1,1,1,1,NA,NA,NA,NA,NA,NA,NA,NA
"42",7,15,1,0,9,2.66666666666667,1.66666666666667,2.66666666666667,3,0,NA,0.5,NA,NA,NA,NA,NA
"43",7,14,1,0,8,1.33333333333333,1.33333333333333,2,2,1.5,3.5,0.5,2,1,1,NA,1
"44",8,14,1,0,5,1.66666666666667,2.33333333333333,2,2,1.5,2,0.5,0.5,1,NA,1,1
"45",13,14,1,0,9,5,5,5,5,NA,NA,NA,NA,NA,NA,NA,NA
"46",13,15,1,0,9,3.66666666666667,4.66666666666667,4.66666666666667,4.33333333333333,3,NA,3,NA,NA,1,NA,NA
"47",13,15,1,0,9,4.66666666666667,4.33333333333333,4.66666666666667,3.66666666666667,NA,NA,2,NA,NA,NA,NA,NA
"48",10,15,1,0,10,3.33333333333333,2.66666666666667,5,5,5,5,3,1,1,1,1,1
"49",6,15,1,0,3,3.33333333333333,3,3,3,NA,NA,NA,NA,NA,NA,NA,NA
"50",6,14,1,0,9,2.66666666666667,2.66666666666667,2,2.66666666666667,0,NA,0.5,NA,NA,NA,NA,NA
"51",7,14,1,0,3,4,4.33333333333333,4.33333333333333,3.66666666666667,3,NA,3,NA,NA,1,NA,NA
"52",13,14,1,0,9,3.33333333333333,5,3,2.33333333333333,5,NA,5,NA,NA,1,NA,NA
"53",7,15,0,0,5,2,2,2.33333333333333,3,1,NA,0.5,1,NA,NA,1,NA
"54",5,14,1,0,3,1.66666666666667,1,1,1.66666666666667,1.5,8.5,1,7,0.5,1,NA,1
"55",5,14,1,0,9,1.66666666666667,1,1,1.33333333333333,1,NA,1,NA,NA,1,NA,NA
"56",5,14,1,0,8,2,2,2,2,1.5,2,0.5,1,0.5,1,1,NA
"57",5,14,1,0,8,2,2,1.66666666666667,1.66666666666667,1,NA,1,NA,NA,1,NA,NA
"58",5,14,1,0,9,1.66666666666667,1.33333333333333,1.33333333333333,1.33333333333333,1,NA,1,NA,NA,1,NA,NA
"59",5,15,1,0,10,1.66666666666667,1,1.66666666666667,1,4,4,2,1,1,1,1,1
"60",5,14,1,0,9,1.66666666666667,1,1,1.33333333333333,1,NA,1,NA,NA,1,NA,NA
"61",5,14,1,0,9,2.66666666666667,1.33333333333333,2,2,1,NA,1,NA,NA,1,NA,NA
"62",7,14,1,0,2,3,3.33333333333333,4,4.33333333333333,0,NA,2,NA,NA,NA,NA,NA
"63",9,15,1,0,4,2.33333333333333,2.33333333333333,2,2,5,5,2,1,2,1,1,1
"64",6,14,0,0,9,1.33333333333333,1.66666666666667,1.66666666666667,1.66666666666667,0.5,NA,0.5,NA,NA,1,NA,NA
"65",8,15,1,0,9,4,4.33333333333333,3,3.33333333333333,NA,NA,3,NA,NA,NA,NA,NA
"66",6,14,1,0,3,1.66666666666667,1,2.33333333333333,2.33333333333333,1,NA,1,2,NA,1,NA,NA
"67",12,15,1,0,10,5,4.33333333333333,4.66666666666667,4.33333333333333,NA,NA,4,NA,NA,NA,NA,NA
"68",6,14,1,0,1,1,1,2.33333333333333,1,NA,NA,NA,NA,NA,NA,NA,NA
"69",10,14,1,0,2,3,2,2.33333333333333,3,1,1.5,1,0,0.5,1,1,NA
"70",6,14,1,0,3,2,2,2,2,NA,NA,NA,NA,NA,NA,NA,NA
"71",5,15,1,0,8,1,1,1,1,1.5,2.5,1,0.5,1,NA,1,1
"72",6,14,1,0,5,2.66666666666667,3,3,3,NA,NA,NA,NA,NA,NA,NA,NA
"73",8,15,1,0,9,3.33333333333333,3.33333333333333,3.66666666666667,4,5,9,4,4,1,1,NA,1
"74",12,14,1,0,1,4,3.66666666666667,2.66666666666667,3.33333333333333,7,NA,4,3,NA,1,1,NA
"75",6,14,1,0,5,1.33333333333333,1,1.66666666666667,1.33333333333333,0,NA,0.5,NA,NA,NA,NA,NA
"76",5,14,1,0,8,1,2.33333333333333,1.33333333333333,1.66666666666667,4,9,3,4,2,NA,1,NA
"77",11,15,1,0,3,3.33333333333333,3.66666666666667,3.66666666666667,2.66666666666667,1,NA,1,1,NA,1,NA,NA
"78",5,15,1,0,5,2,3,2.33333333333333,2.66666666666667,0,2,0.5,0.5,1,NA,NA,NA
"79",5,14,1,0,9,3,2.33333333333333,2.33333333333333,3,5,NA,3,2,NA,1,1,NA
"80",5,15,1,0,10,1,1,1,1,0,NA,0.5,NA,NA,NA,NA,NA
"81",5,15,1,0,7,2,1.33333333333333,2.33333333333333,2.66666666666667,2,NA,2,1,NA,1,NA,NA
"82",5,14,1,0,9,1.66666666666667,1,2,2.33333333333333,1,1.5,0.5,0.5,0.5,1,NA,1
"83",10,15,1,0,10,5,5,4.66666666666667,4.66666666666667,1,NA,0.5,0.5,NA,1,1,NA
"84",5,14,1,0,10,1,1,1.33333333333333,1,NA,NA,NA,NA,NA,NA,NA,NA
"85",6,15,1,0,10,1.33333333333333,1.33333333333333,2.66666666666667,1.33333333333333,2,3,1,1,1,NA,1,1
"86",7,14,0,0,10,2.66666666666667,3.33333333333333,3.33333333333333,3,NA,NA,NA,NA,NA,NA,NA,NA
"87",5,14,1,0,5,1,1,1,1,1,1.5,0.5,0.5,0.5,1,NA,1
"88",5,15,0,0,11,1,1,1,1,2,NA,3,2,NA,NA,1,NA
"89",8,14,1,0,9,4,2,4,4.66666666666667,2,NA,2,2,NA,NA,1,NA
"90",8,15,1,0,7,1,1,1,1,NA,NA,NA,NA,NA,NA,NA,NA
"91",5,14,1,0,11,1,1,1,1,0,NA,2,NA,NA,NA,NA,NA
"92",7,15,0,0,3,2,2,2,2,NA,NA,NA,NA,NA,NA,NA,NA
"93",5,15,1,0,9,2.33333333333333,1,1,1.33333333333333,NA,12,4,4,4,NA,NA,NA
"94",6,14,0,0,9,1.66666666666667,1,2,1.66666666666667,0,NA,0.5,NA,NA,NA,NA,NA
"95",5,15,1,0,8,1,1,1.33333333333333,1,2,NA,2,NA,NA,1,NA,NA
"96",10,15,1,0,8,3,2.66666666666667,3,3.66666666666667,NA,7,3,2,2,NA,NA,NA
"97",10,14,1,0,6,3,3,3,3,NA,NA,NA,NA,NA,NA,NA,NA
"98",6,15,1,0,6,1.33333333333333,1,1.66666666666667,1.66666666666667,2.5,3,2,0.5,0.5,1,NA,1
"99",7,15,0,0,4,2,1,1.33333333333333,1,6,9,3,3,3,1,1,NA
"100",5,15,1,0,8,2,2,1.33333333333333,3,1.5,2.5,1,1,0.5,1,NA,1
"101",5,15,1,0,10,1,1,1,1,1.5,3.5,1,2,0.5,1,NA,1
"102",5,14,1,0,11,2,2,2,2,3,3,1,1,1,1,1,1
"103",5,15,1,0,1,1.66666666666667,1,2,2,2,NA,2,1,NA,1,NA,NA
"104",10,14,1,0,6,3.66666666666667,5,4.66666666666667,4.66666666666667,1,3.5,1,0.5,2,1,NA,NA
"105",6,14,1,0,9,3.33333333333333,3.33333333333333,3.66666666666667,4,NA,NA,NA,NA,NA,NA,NA,NA
"106",5,15,0,0,8,1,1,1,1.33333333333333,3,4,1,1,2,NA,1,1
"107",6,15,1,0,9,1.33333333333333,1.66666666666667,1.66666666666667,1.33333333333333,2,3,1,1,1,NA,1,1
"108",5,14,1,0,3,2,3.33333333333333,2,2,2,4,2,1,1,NA,1,1
"109",7,15,1,0,6,2.33333333333333,3,3.33333333333333,2.66666666666667,0.5,1.5,0.5,0.5,0.5,NA,1,NA
"110",11,14,1,0,9,3.66666666666667,4.33333333333333,4.66666666666667,4.66666666666667,0,NA,2,NA,NA,NA,NA,NA
"111",9,15,1,0,5,1.33333333333333,1.66666666666667,1.66666666666667,1.66666666666667,0,2.5,1,0.5,1,NA,NA,NA
"112",6,14,1,0,10,3.66666666666667,4,4.33333333333333,4,2,NA,2,NA,NA,1,NA,NA
"113",5,15,1,0,11,1.66666666666667,1,2,2,4,8,1,4,3,1,NA,1
"114",10,15,1,0,9,4,4,4,3.66666666666667,NA,NA,0.5,NA,NA,NA,NA,NA
"115",11,15,1,0,9,3.33333333333333,4,4,4,3,NA,3,NA,NA,1,NA,NA
"116",9,14,1,0,4,3.66666666666667,4,3.66666666666667,3.33333333333333,2,NA,1,1,NA,1,1,NA
"117",6,15,0,0,11,1,1,1,1,3,NA,3,3,NA,NA,1,NA
"118",5,15,1,0,3,1.33333333333333,1.33333333333333,1,2.33333333333333,8,8,3,2,3,1,1,1
"119",12,15,1,0,10,2.33333333333333,2.66666666666667,2.66666666666667,2.33333333333333,NA,NA,2,NA,NA,NA,NA,NA
"120",11,14,0,0,3,4.66666666666667,3.66666666666667,3.66666666666667,3.66666666666667,4,4,1,1,2,1,1,1
"121",6,15,1,0,6,1,1,1,1,0,NA,3,NA,NA,NA,NA,NA
"122",6,14,1,0,10,2.66666666666667,2,3,2.66666666666667,2,NA,2,NA,NA,1,NA,NA
"123",5,14,1,0,3,1.33333333333333,1.33333333333333,1.66666666666667,1.33333333333333,3,5,2,2,1,1,NA,1
"124",7,15,1,0,3,3,3,3,3,3,NA,3,1,NA,1,NA,NA
"125",8,15,1,0,5,1,1,1,1,NA,NA,NA,NA,NA,NA,NA,NA
"126",8,14,1,0,3,3.66666666666667,3.33333333333333,3,2.33333333333333,0,NA,0.5,0.5,NA,NA,NA,NA
"127",6,14,1,0,3,1.33333333333333,2.33333333333333,3,2.66666666666667,3.5,3.5,1,0.5,2,1,1,1
"128",11,15,1,0,9,3.33333333333333,4.33333333333333,4,4,NA,NA,NA,NA,NA,NA,NA,NA
"129",7,15,1,0,1,2.66666666666667,3.33333333333333,3.33333333333333,4,0.5,NA,2,0.5,NA,NA,1,NA
"130",5,14,1,0,9,2.66666666666667,3,2.66666666666667,3,3,NA,3,3,NA,NA,1,NA
"131",5,14,1,0,4,3,3.66666666666667,3,4,0,NA,0.5,NA,NA,NA,NA,NA
"132",7,15,1,0,6,1.33333333333333,2.33333333333333,1.66666666666667,2.33333333333333,2,3,0.5,2,0.5,NA,1,NA
"133",6,14,1,0,10,1.33333333333333,1,1.66666666666667,1.33333333333333,1,NA,0.5,0.5,NA,1,1,NA
"134",8,14,1,0,9,2.66666666666667,1.33333333333333,3,3.66666666666667,2.5,3,2,0.5,0.5,1,1,NA
"135",6,15,1,0,3,4,4.66666666666667,4,4,3,NA,2,1,NA,1,1,NA
"136",6,15,1,0,1,2,2,2.66666666666667,1.66666666666667,1,1,0,0.5,0.5,1,1,1
"137",6,14,1,0,5,2,2,2,2,0.5,NA,0.5,0.5,NA,1,NA,NA
"138",6,14,1,0,1,2.66666666666667,2,2,3,0,NA,1,NA,NA,NA,NA,NA
"139",13,15,1,0,10,3,3,3.33333333333333,3,NA,NA,NA,NA,NA,NA,NA,NA
"140",10,15,1,0,7,2.66666666666667,3.33333333333333,2.66666666666667,3,3.5,3.5,2,1,0.5,1,1,1
"141",6,15,0,0,10,1,1,1.66666666666667,1,3,3,1,1,1,1,1,1
"142",5,14,1,0,1,4.33333333333333,4,3.33333333333333,5,8,13,5,5,3,NA,1,1
"143",5,14,0,0,5,1,1,1,1,0,NA,1,NA,NA,NA,NA,NA
"144",5,15,0,0,10,3,4.66666666666667,4,3,0,NA,0,NA,NA,1,NA,NA
"145",5,14,1,0,11,1,1,1.33333333333333,1,2,2,1,0.5,0.5,1,1,1
"146",8,15,1,0,9,3.66666666666667,3,3,3.33333333333333,NA,NA,NA,NA,NA,NA,NA,NA
"147",13,15,1,0,3,3.66666666666667,3,3.33333333333333,3.66666666666667,0.5,NA,0.5,NA,NA,1,NA,NA
"148",5,14,1,0,7,1,1.33333333333333,1.33333333333333,1,2,NA,1,1,NA,1,1,NA
"149",5,15,1,0,11,1,1,1,1,3,3,1,1,1,1,1,1
"150",5,15,1,0,4,1.33333333333333,1.33333333333333,2,2.33333333333333,2,2.5,1,1,0.5,1,1,NA
"151",8,14,1,0,10,2.66666666666667,3,1.33333333333333,3.33333333333333,2,NA,2,2,NA,1,NA,NA
"152",5,15,1,0,5,1,1,1,1,1.5,2,0.5,1,0.5,NA,1,1
"153",12,14,1,0,9,3.66666666666667,3.66666666666667,4.66666666666667,4.33333333333333,NA,NA,NA,NA,NA,NA,NA,NA
"154",6,15,1,0,4,2,2,1.66666666666667,2,8,8,5,2,1,1,1,1
"155",8,14,1,0,3,1,2,1,1,2,NA,2,1,NA,1,NA,NA
"156",5,15,1,0,8,2.33333333333333,1,3,1,7,7,2,3,2,1,1,1
"157",5,14,1,0,7,2.33333333333333,1,1.33333333333333,1,3,5,3,1,1,1,NA,NA
"158",6,14,0,0,5,1.33333333333333,1.33333333333333,2.66666666666667,2.33333333333333,8,8,3,2,3,1,1,1
"159",5,15,1,0,10,2.66666666666667,2.33333333333333,3,1.33333333333333,5,6,2,3,1,1,1,NA
"160",6,15,1,0,8,2.66666666666667,2,2.66666666666667,2,5,NA,4,1,NA,1,1,NA
"161",8,15,1,0,3,4.33333333333333,3.33333333333333,3.66666666666667,2.33333333333333,2,NA,2,NA,NA,1,NA,NA
"162",7,14,1,0,6,1.66666666666667,1.33333333333333,2.33333333333333,2.33333333333333,7,7,2,3,2,1,1,1
"163",13,15,0,0,9,4.66666666666667,4.33333333333333,4,4,NA,NA,NA,NA,NA,NA,NA,NA
"164",6,14,1,0,8,1.66666666666667,2.33333333333333,3,2,1,NA,1,NA,NA,1,NA,NA
"165",13,14,1,0,10,3,3,3,3,NA,NA,NA,NA,NA,NA,NA,NA
"166",5,14,1,0,3,1,2.33333333333333,1.66666666666667,1.33333333333333,1,NA,3,1,NA,NA,1,NA
"167",6,14,1,0,1,2,1,2.66666666666667,2.33333333333333,0.5,NA,0.5,0.5,NA,1,NA,NA
"168",5,15,1,0,8,1.33333333333333,1,1.33333333333333,1,1,NA,0.5,0.5,NA,1,1,NA
"169",7,15,1,0,1,4.33333333333333,3.66666666666667,4.33333333333333,4.66666666666667,NA,NA,NA,NA,NA,NA,NA,NA
"170",6,14,1,0,10,1.33333333333333,1,1.66666666666667,1,4,4,1,2,1,1,1,1
"171",11,15,1,0,10,4,3.66666666666667,3.33333333333333,4,0.5,NA,0.5,1,NA,1,NA,NA
"172",5,14,1,0,1,2,3,2,2.33333333333333,5,5,2,2,1,1,1,1
"173",9,15,1,0,5,4,4,4,4.33333333333333,2,4,1,2,1,1,NA,1
"174",7,15,1,0,10,2,2.66666666666667,3,2.33333333333333,0.5,1,0.5,0.5,0,1,NA,1
"175",11,15,1,0,9,2.66666666666667,3,1,2.66666666666667,3,NA,3,NA,NA,1,NA,NA
"176",5,15,1,0,7,2.33333333333333,2.33333333333333,2.33333333333333,2,5,NA,5,NA,NA,1,NA,NA
"177",6,14,1,0,10,1,1.33333333333333,1.66666666666667,1.66666666666667,3,4,1,1,2,NA,1,1
"178",12,14,1,0,9,4,4.66666666666667,4.66666666666667,4.66666666666667,NA,NA,NA,NA,NA,NA,NA,NA
"179",6,14,1,0,3,2,2.33333333333333,2,2.33333333333333,2,NA,0.5,2,NA,NA,1,NA
"180",5,15,1,0,1,2,2,2.66666666666667,3.33333333333333,0.5,NA,0.5,NA,NA,1,NA,NA
"181",11,14,1,0,8,3.33333333333333,3,4,3,4.5,4.5,1,3,0.5,1,1,1
"182",7,14,1,0,10,3,4,3.66666666666667,2.66666666666667,0,2,0.5,1,0.5,NA,NA,NA
"183",6,14,1,0,9,1,1,1,1,1,NA,1,NA,NA,1,NA,NA
"184",5,14,1,0,7,3,3.66666666666667,3,3,NA,NA,NA,NA,NA,NA,NA,NA
"185",7,15,1,0,6,3,1,2.33333333333333,1.66666666666667,2,2.5,1,1,0.5,1,1,NA
"186",5,15,1,0,10,1,1,1,1,7,NA,7,NA,NA,1,NA,NA
"187",5,15,1,0,8,1,1,1,1,2,NA,1,1,NA,1,1,NA
"188",11,14,1,0,9,5,5,5,5,NA,NA,2,NA,NA,NA,NA,NA
"189",9,15,1,0,10,5,5,4.66666666666667,5,2,NA,2,NA,NA,1,NA,NA
"190",6,15,1,0,10,1,1,1.33333333333333,1,0,NA,1,NA,NA,NA,NA,NA
"191",9,15,1,0,10,2.66666666666667,4.66666666666667,3.33333333333333,2.66666666666667,1,1.5,0.5,0.5,0.5,1,NA,1
"192",6,14,1,0,10,3,1,3,2.66666666666667,1,NA,0.5,0.5,NA,1,1,NA
"193",6,14,1,0,8,1.66666666666667,1.66666666666667,2.66666666666667,2.66666666666667,NA,NA,NA,NA,NA,NA,NA,NA
"194",5,14,1,0,6,2,2,2,2,3,NA,3,NA,NA,1,NA,NA
"195",8,15,1,0,4,1.66666666666667,2.33333333333333,2.66666666666667,2.66666666666667,0,NA,1,NA,NA,NA,NA,NA
"196",5,14,0,0,9,1,1,1.33333333333333,1.66666666666667,1,1.5,0.5,0.5,0.5,NA,1,1
"197",5,15,0,0,10,1,1,1,1,3,3,1,1,1,1,1,1
"198",6,14,1,0,3,2.66666666666667,1.33333333333333,3.33333333333333,2,1.5,2,0.5,0.5,1,NA,1,1
"199",10,15,1,0,3,3.33333333333333,3.33333333333333,2.33333333333333,3.33333333333333,NA,NA,NA,NA,NA,NA,NA,NA
"200",8,15,1,0,8,3.66666666666667,2,3.66666666666667,2.66666666666667,2,NA,2,NA,NA,1,NA,NA
"201",5,14,1,0,9,1.66666666666667,1,1.66666666666667,2.33333333333333,2.5,5.5,0.5,3,2,1,NA,1
"202",7,15,1,0,1,1,2.33333333333333,1.33333333333333,2,0,NA,2,NA,NA,NA,NA,NA
"203",7,15,0,0,9,2.33333333333333,2.33333333333333,3,3.66666666666667,2,2,0.5,1,0.5,1,1,1
"204",5,14,1,0,3,1,1,1,1.33333333333333,2,NA,3,2,NA,NA,1,NA
"205",5,14,0,0,9,1,1.33333333333333,1,2,0,NA,2,1,NA,NA,NA,NA
"206",6,14,1,0,3,1.33333333333333,1,2.66666666666667,2,1,1.5,0.5,0.5,0.5,NA,1,1
"207",6,15,1,0,1,3,1.33333333333333,3,2.66666666666667,1,NA,1,NA,NA,1,NA,NA
"208",5,15,1,0,9,4,2.33333333333333,4.33333333333333,3.33333333333333,0.5,1.5,0.5,0.5,0.5,1,NA,NA
"209",7,15,1,0,10,1,2.33333333333333,1,1,2,5,3,1,1,NA,1,1
"210",5,15,1,0,1,1.66666666666667,1,2,2.33333333333333,1,NA,0.5,0.5,NA,1,1,NA
"211",9,14,1,0,11,3.33333333333333,3.66666666666667,3.33333333333333,3,7,7,4,1,2,1,1,1
"212",5,15,1,0,5,1.66666666666667,2.66666666666667,3.33333333333333,3.33333333333333,0,NA,0.5,NA,NA,NA,NA,NA
"213",5,14,1,0,4,1,1.33333333333333,1.33333333333333,2,2,NA,1,1,NA,1,1,NA
"214",6,14,1,0,9,1,1,1,1,1.5,1.5,0.5,0.5,0.5,1,1,1
"215",6,15,1,0,9,2.33333333333333,1.33333333333333,3.33333333333333,1.33333333333333,4,4,1,1,2,1,1,1
"216",8,15,1,0,5,4.33333333333333,5,4.33333333333333,4,3.5,3.5,2,0.5,1,1,1,1
"217",7,14,1,0,6,3,3,3,3,6,6,2,2,2,1,1,1
"218",6,14,1,0,5,2,2.66666666666667,2,3,0.5,NA,0.5,1,NA,1,NA,NA
"219",6,14,0,0,8,4.66666666666667,4,3.33333333333333,2.66666666666667,10,10,4,4,2,1,1,1
"220",5,14,1,0,11,1,1,1,1.66666666666667,NA,NA,NA,NA,NA,NA,NA,NA
"221",5,14,1,0,6,1,1,1,1,NA,NA,NA,NA,NA,NA,NA,NA
"222",6,15,1,0,4,2,1,1.66666666666667,1,1.5,2.5,1,0.5,1,NA,1,1
"223",11,15,1,0,3,4.33333333333333,4.33333333333333,4.66666666666667,4.66666666666667,NA,NA,4,4,NA,NA,NA,NA
"224",7,15,1,0,1,3,2,2.66666666666667,3.33333333333333,2.5,2.5,1,0.5,1,1,1,1
"225",6,15,1,0,4,2,2.66666666666667,3.66666666666667,3,6,8,3,2,3,1,NA,1
"226",12,14,1,0,9,3.66666666666667,4,3.66666666666667,3.33333333333333,1,NA,1,NA,NA,1,NA,NA
"227",13,15,1,0,9,5,5,5,5,NA,NA,0.5,NA,NA,NA,NA,NA
"228",5,15,1,0,11,3.66666666666667,1.33333333333333,2.33333333333333,2.33333333333333,2,NA,2,NA,NA,1,NA,NA
"229",6,15,1,0,4,3.66666666666667,3,4,2,2,NA,2,2,NA,1,NA,NA
"230",6,15,1,0,8,3,1.33333333333333,2.33333333333333,2,0,NA,1,NA,NA,NA,NA,NA
"231",9,15,1,0,9,3.33333333333333,3,2.66666666666667,2.33333333333333,NA,NA,NA,NA,NA,NA,NA,NA
"232",5,15,1,0,4,2.66666666666667,1,3,3.66666666666667,4,5,1,3,1,NA,1,1
"233",11,15,1,0,10,1.33333333333333,4.33333333333333,3.66666666666667,3.33333333333333,4.5,4.5,3,1,0.5,1,1,1
"234",6,15,1,0,4,2.33333333333333,1.33333333333333,2,2,3,4,1,1,2,NA,1,1
"235",6,14,1,0,4,3,1.33333333333333,2.33333333333333,2.66666666666667,3,4,2,1,1,1,1,NA
"236",5,15,1,0,8,1.66666666666667,1.33333333333333,2.33333333333333,2,0,NA,2,NA,NA,NA,NA,NA
"237",7,15,1,0,6,4,2,3.66666666666667,3,0,NA,2,NA,NA,NA,NA,NA
"238",5,14,1,0,11,1,1,1.33333333333333,1,4,NA,3,1,NA,1,1,NA
"239",6,15,1,0,1,2,2,2,2,NA,NA,NA,NA,NA,NA,NA,NA
"240",8,14,1,0,9,3,2.33333333333333,2,3.66666666666667,1,2.5,1,1,0.5,1,NA,NA
"241",5,14,1,0,8,1.66666666666667,3,4,2.66666666666667,2,NA,2,NA,NA,1,NA,NA
"242",7,15,1,0,10,3,2.33333333333333,3.66666666666667,2.33333333333333,5,8,3,2,3,NA,1,1
"243",12,14,1,0,4,4.66666666666667,4,5,5,2,NA,1,2,NA,NA,1,NA
"244",5,14,1,0,10,2,1.66666666666667,1,1.33333333333333,1,NA,0.5,0.5,NA,1,1,NA
"245",12,14,1,0,9,4,3.33333333333333,4,4.33333333333333,NA,NA,NA,NA,NA,NA,NA,NA
"246",9,15,1,0,11,4.33333333333333,5,5,3.33333333333333,2,2,1,0.5,0.5,1,1,1
"247",9,14,1,0,3,3.33333333333333,3.33333333333333,4,3.66666666666667,0,NA,1,NA,NA,NA,NA,NA
"248",10,14,0,0,4,4,3.33333333333333,4,3.33333333333333,0,NA,2,NA,NA,NA,NA,NA
"249",13,15,0,0,6,4.33333333333333,5,4,4.66666666666667,0,NA,4,NA,NA,NA,NA,NA
"250",7,14,1,0,6,3,3,2.66666666666667,2.33333333333333,2,NA,2,NA,NA,1,NA,NA
"251",5,14,1,0,5,2,2,3,4,3,4,1,2,1,1,1,NA
"252",14,14,1,0,5,5,5,5,5,3,NA,3,NA,NA,1,NA,NA
"253",5,15,1,0,10,1.66666666666667,2.66666666666667,2.33333333333333,4,2,NA,2,2,NA,NA,1,NA
"254",5,15,1,0,8,1,2,1.33333333333333,1,5,5,2,2,1,1,1,1
"255",6,14,1,0,3,1.33333333333333,1.66666666666667,1.33333333333333,2.66666666666667,3.5,3.5,2,1,0.5,1,1,1
"256",12,14,1,0,9,4.33333333333333,4.33333333333333,4,4.66666666666667,NA,NA,NA,NA,NA,NA,NA,NA
"257",13,15,1,0,9,3.33333333333333,3,3,3.66666666666667,NA,NA,NA,NA,NA,NA,NA,NA
"258",5,14,1,0,8,1,1,1,2.66666666666667,2,2,0.5,0.5,1,1,1,1
"259",7,14,1,0,8,3.33333333333333,1.66666666666667,2,2.66666666666667,1.5,3.5,2,1,0.5,NA,1,1
"260",6,15,1,0,6,2,2.33333333333333,3,3.33333333333333,4,4,1,1,2,1,1,1
"261",9,14,1,0,1,3.66666666666667,4,4,3.33333333333333,3,3,2,0.5,0.5,1,1,1
"262",5,15,1,0,4,3,1.66666666666667,3.33333333333333,3,1.5,3.5,2,1,0.5,NA,1,1
"263",6,14,1,0,5,4.33333333333333,4,3.66666666666667,2,1,NA,1,1,NA,1,NA,NA
"264",6,15,1,0,9,1.66666666666667,2,1.66666666666667,1.33333333333333,1,NA,1,NA,NA,1,NA,NA
"265",7,15,0,0,8,2.66666666666667,2.33333333333333,2.66666666666667,3,1,NA,1,1,NA,NA,1,NA
"266",12,14,1,0,9,4,3.66666666666667,4.33333333333333,4,NA,NA,NA,NA,NA,NA,NA,NA
"267",6,15,1,0,4,2,2,2,2.33333333333333,0,NA,3,NA,NA,NA,NA,NA
"268",10,15,1,0,10,4.33333333333333,3.66666666666667,5,4.33333333333333,2,NA,2,0.5,NA,1,NA,NA
"269",8,15,1,0,11,3.33333333333333,2.33333333333333,3.33333333333333,2.33333333333333,0,3.5,1,2,0.5,NA,NA,NA
"270",6,15,1,0,4,2,1.33333333333333,2,2,3,4,1,1,2,NA,1,1
"271",5,14,1,0,3,2,2,2,2,3,NA,3,NA,NA,1,NA,NA
"272",8,15,1,0,3,1.66666666666667,3.33333333333333,3,2.33333333333333,5,9,3,4,2,1,NA,1
"273",9,15,1,0,1,4,4,4,3.66666666666667,2.5,3,2,0.5,0.5,1,1,NA
"274",8,14,1,0,1,3,3,3,3,NA,NA,NA,NA,NA,NA,NA,NA
"275",5,15,1,0,5,1.33333333333333,2,2,2.33333333333333,5,5.5,3,2,0.5,1,1,NA
"276",6,15,0,0,6,2.66666666666667,2,3,2.33333333333333,5,12,2,3,7,1,1,NA
"277",7,15,1,0,2,2,2.66666666666667,2,2.33333333333333,0,NA,2,2,NA,NA,NA,NA
"278",6,14,1,0,9,1,1,1.33333333333333,1.33333333333333,3,NA,3,NA,NA,1,NA,NA
"279",6,15,1,0,10,2.33333333333333,1.66666666666667,2.66666666666667,1.66666666666667,NA,NA,NA,NA,NA,NA,NA,NA
"280",6,14,1,0,3,3,3,2,1,1,NA,1,1,NA,NA,1,NA
"281",5,14,1,0,8,2.33333333333333,2.66666666666667,2.33333333333333,1.66666666666667,0,NA,0.5,0.5,NA,NA,NA,NA
"282",11,14,1,0,9,3.33333333333333,4,3.66666666666667,4.33333333333333,NA,NA,NA,NA,NA,NA,NA,NA
"283",8,14,0,0,9,2.33333333333333,3.66666666666667,3,3,1,2,1,0.5,0.5,1,NA,NA
"284",6,15,1,0,9,2,2,2,2,2,NA,2,2,NA,NA,1,NA
"285",15,15,1,0,6,5,5,5,3.33333333333333,6,6,1,2,3,1,1,1
"286",5,15,1,0,5,1,1,1.66666666666667,1.33333333333333,2,5,2,2,1,NA,1,NA
"287",7,15,1,0,4,1.33333333333333,2.33333333333333,1.66666666666667,1.66666666666667,1,2,1,0.5,0.5,NA,1,1
"288",6,14,1,0,3,1.33333333333333,2.33333333333333,1.33333333333333,2,1,3.5,2,1,0.5,NA,1,NA
"289",5,14,1,0,6,2.33333333333333,3.33333333333333,2,4,2,NA,1,1,NA,1,1,NA
"290",5,15,1,0,4,2.33333333333333,1,3.66666666666667,1,2,2,0,1,1,1,1,1
"291",5,15,1,0,7,1,1.66666666666667,1.33333333333333,1,4,5,2,1,2,1,NA,1
"292",6,15,1,0,11,2.33333333333333,2.33333333333333,2.33333333333333,3.33333333333333,1,NA,0.5,0.5,NA,1,1,NA
"293",6,15,1,0,4,2.33333333333333,2.33333333333333,3.33333333333333,3.66666666666667,4,4,2,1,1,1,1,1
"294",5,14,1,0,1,1.66666666666667,1.33333333333333,1.33333333333333,2,1,NA,2,1,NA,NA,1,NA
"295",5,15,1,0,5,1.66666666666667,1,1.66666666666667,1.66666666666667,0,NA,0.5,NA,NA,NA,NA,NA
"296",6,14,1,0,5,3,3,3,3,NA,NA,NA,NA,NA,NA,NA,NA
"297",5,15,1,0,11,2,2,2.33333333333333,2.33333333333333,0,NA,2,2,NA,NA,NA,NA
"298",8,14,1,0,3,2.66666666666667,2.33333333333333,3.33333333333333,2.66666666666667,0.5,NA,0.5,NA,NA,1,NA,NA
"299",5,15,1,0,1,3,1,2.66666666666667,3.33333333333333,3,3,0.5,2,0.5,1,1,1
"300",7,14,1,0,4,2.33333333333333,1,2,2.66666666666667,6,6,2,2,2,1,1,1
"301",6,15,1,0,11,2,3.66666666666667,1.66666666666667,1,2,NA,2,NA,NA,1,NA,NA
"302",5,14,1,0,11,1.33333333333333,1.33333333333333,2.33333333333333,3.33333333333333,1,1.5,0.5,0.5,0.5,1,1,NA
"303",6,15,1,0,11,1.66666666666667,1.33333333333333,2.66666666666667,2.33333333333333,NA,NA,NA,NA,NA,NA,NA,NA
"304",6,15,1,0,10,3.33333333333333,3.33333333333333,3.33333333333333,2.66666666666667,NA,NA,NA,NA,NA,NA,NA,NA
"305",6,15,1,0,8,1.33333333333333,1,2,1.66666666666667,NA,NA,NA,NA,NA,NA,NA,NA
"306",6,15,1,0,4,5,3.66666666666667,4,4.33333333333333,7,10,3,3,4,NA,1,1
"307",5,14,1,0,2,1.33333333333333,2,1.33333333333333,1,1.5,NA,1,0.5,NA,1,1,NA
"308",13,14,1,0,9,3.66666666666667,4.66666666666667,3.66666666666667,4.33333333333333,NA,NA,NA,NA,NA,NA,NA,NA
"309",12,14,1,0,9,3,3,3.66666666666667,4.33333333333333,NA,NA,NA,NA,NA,NA,NA,NA
"310",13,15,1,0,9,5,5,5,5,NA,NA,NA,NA,NA,NA,NA,NA
"311",7,14,1,0,9,3.33333333333333,2.33333333333333,3.66666666666667,3,5,10,5,3,2,1,NA,NA
"312",6,15,1,0,4,2,2,2.66666666666667,3,1,NA,1,1,NA,NA,1,NA
"313",12,14,1,0,9,3.66666666666667,4,3.33333333333333,4.33333333333333,NA,NA,NA,NA,NA,NA,NA,NA
"314",8,15,1,0,2,4,3.33333333333333,4.66666666666667,1.66666666666667,7,12,5,3,4,NA,1,1
"315",5,14,1,0,10,1,2.33333333333333,1.33333333333333,3.33333333333333,1.5,2,0.5,1,0.5,1,1,NA
"316",8,15,1,0,8,3.33333333333333,3,3,3,4,NA,4,3,NA,1,NA,NA
"317",8,15,1,0,7,3,4,3.66666666666667,5,3,5,2,1,2,NA,1,1
"318",5,14,1,0,10,1,1,1.33333333333333,1.66666666666667,7,7,3,1,3,1,1,1
"319",7,15,1,0,4,1,1,2.33333333333333,3.66666666666667,0,NA,6,NA,NA,NA,NA,NA
"320",6,15,1,0,10,3.33333333333333,3,3.33333333333333,2.66666666666667,0.5,3.5,2,1,0.5,NA,NA,1
"321",5,14,1,0,7,2.33333333333333,3,2.33333333333333,3.33333333333333,0.5,NA,1,0.5,NA,NA,1,NA
"322",11,15,1,0,4,3.33333333333333,2.33333333333333,2.66666666666667,3,9,12,3,5,4,NA,1,1
"323",12,15,1,0,9,3.66666666666667,3.66666666666667,4.66666666666667,3.33333333333333,NA,NA,NA,NA,NA,NA,NA,NA
"324",12,15,1,0,9,3,3.66666666666667,4,4,NA,NA,NA,NA,NA,NA,NA,NA
"325",11,15,1,0,9,1,1,2,2,NA,6,2,2,2,NA,NA,NA
"326",13,15,1,0,9,5,5,5,5,NA,NA,4,NA,NA,NA,NA,NA
"327",10,15,1,0,4,3.33333333333333,3,4,3.66666666666667,7,7,2,3,2,1,1,1
"328",5,14,1,0,9,2.33333333333333,2.66666666666667,2.66666666666667,2.66666666666667,NA,NA,NA,NA,NA,NA,NA,NA
"329",13,14,1,0,2,4.33333333333333,4.33333333333333,4.33333333333333,4.66666666666667,NA,NA,3,NA,NA,NA,NA,NA
"330",10,15,1,0,4,4.33333333333333,3.66666666666667,4,4,0,8,2,3,3,NA,NA,NA
"331",6,14,0,0,9,2.66666666666667,1,1.33333333333333,1.66666666666667,2,NA,2,NA,NA,1,NA,NA
"332",5,14,1,0,9,2,1.66666666666667,2,2,2,NA,1,1,NA,1,1,NA
"333",5,14,1,0,9,2,1.66666666666667,2,2,2,NA,1,1,NA,1,1,NA
"334",5,14,1,0,9,2.66666666666667,2,1.66666666666667,2,2,NA,2,NA,NA,1,NA,NA
"335",12,15,1,0,2,4,4,3.66666666666667,4.33333333333333,NA,NA,NA,NA,NA,NA,NA,NA
"336",7,15,1,0,4,1.33333333333333,1,2.33333333333333,2,1,NA,1,NA,NA,1,NA,NA
"337",6,15,1,0,2,3.33333333333333,1,3,4,1,NA,1,NA,NA,1,NA,NA
"338",10,14,1,0,4,2.33333333333333,1.33333333333333,2.66666666666667,3.33333333333333,3,6,1,3,2,1,NA,1
"339",9,14,0,0,9,4,4,4,4,4,NA,2,2,NA,1,1,NA
"340",7,14,1,0,8,1,1,1,1,1,3,1,1,1,1,NA,NA
"341",6,14,1,0,10,1.33333333333333,2,1.66666666666667,1.33333333333333,1.5,2,0.5,1,0.5,NA,1,1
"342",8,14,1,0,8,2.33333333333333,1,2.66666666666667,2.33333333333333,2,2.5,0,2,0.5,1,1,NA
"343",6,14,1,0,10,3.66666666666667,2,2.66666666666667,3.66666666666667,2,3,1,1,1,1,1,NA
"344",6,14,1,0,6,2,2,2,2,1,NA,1,NA,NA,1,NA,NA
"345",8,14,1,0,1,2.66666666666667,1.33333333333333,3.33333333333333,3.66666666666667,3,NA,3,2,NA,1,NA,NA
"346",6,15,0,0,10,2,2,2,2,NA,NA,NA,NA,NA,NA,NA,NA
"347",7,15,0,0,9,1,1,1.33333333333333,1,1,NA,1,NA,NA,1,NA,NA
"348",5,15,1,0,2,2,2,2,2.66666666666667,3,3,1,1,1,1,1,1
"349",5,15,1,0,3,2,2,1,2.66666666666667,NA,NA,NA,NA,NA,NA,NA,NA
"350",6,15,1,0,5,2,1.33333333333333,2,3,0,1.5,0.5,0.5,0.5,NA,NA,NA
"351",5,15,1,0,10,1.33333333333333,2.33333333333333,1,1,4,NA,1,3,NA,1,1,NA
"352",5,15,1,0,11,1.66666666666667,2.33333333333333,2.33333333333333,2.33333333333333,NA,NA,NA,NA,NA,NA,NA,NA
"353",5,15,1,0,11,1,1,1,1,2,2,1,0.5,0.5,1,1,1
"354",5,14,1,0,9,1.33333333333333,1,1,1,1,NA,1,2,NA,1,NA,NA
"355",5,14,1,0,10,1,1,1,1.66666666666667,0,NA,0.5,NA,NA,NA,NA,NA
"356",5,15,1,0,3,1,1,1.33333333333333,3,0,NA,2,NA,NA,NA,NA,NA
"357",6,15,1,0,1,3,3.33333333333333,3.33333333333333,3.33333333333333,2,NA,2,2,NA,1,NA,NA
"358",6,14,1,0,5,1.66666666666667,1,2.33333333333333,3,2,NA,1,1,NA,1,1,NA
"359",6,14,1,0,3,1,1,1,2,1.5,2,0.5,0.5,1,NA,1,1
"360",5,15,1,0,8,1.33333333333333,3,1.66666666666667,3,2,NA,2,3,NA,1,NA,NA
"361",7,15,1,0,9,1.33333333333333,1.33333333333333,2,1.66666666666667,2,NA,2,1,NA,1,NA,NA
"362",8,15,1,0,10,3,2.66666666666667,3.66666666666667,3.66666666666667,1,NA,0.5,0.5,NA,1,1,NA
"363",9,14,0,0,6,3.66666666666667,3.33333333333333,3.66666666666667,4.66666666666667,0,NA,2,NA,NA,NA,NA,NA
"364",5,15,1,0,6,1,1.66666666666667,1.33333333333333,1.66666666666667,1,NA,3,1,NA,NA,1,NA
"365",7,15,1,0,2,2,3.33333333333333,2.66666666666667,2.66666666666667,0,NA,2,NA,NA,NA,NA,NA
"366",5,15,1,0,11,2,1,1.33333333333333,2.33333333333333,2.5,3,0.5,0.5,2,NA,1,1
"367",6,14,1,0,3,3.33333333333333,1,3.33333333333333,2,2,3.5,2,1,0.5,1,NA,NA
"368",7,14,1,0,9,3.33333333333333,3,3,2.66666666666667,0,NA,1,NA,NA,NA,NA,NA
"369",11,15,1,0,7,3,3,3.33333333333333,3,3.5,NA,0.5,3,NA,1,1,NA
"370",6,14,1,0,9,1,1,1.66666666666667,1,2,NA,2,2,NA,NA,1,NA
"371",9,14,1,0,9,2.33333333333333,2.66666666666667,2,2.33333333333333,NA,NA,NA,NA,NA,NA,NA,NA
"372",10,14,1,0,8,3.33333333333333,3.66666666666667,2.66666666666667,3.66666666666667,1,NA,0.5,0.5,NA,1,1,NA
"373",6,14,1,0,10,2.33333333333333,2.66666666666667,3,2,0,NA,3,NA,NA,NA,NA,NA
"374",6,14,0,0,10,1.66666666666667,1.33333333333333,2.66666666666667,2.33333333333333,1.5,NA,0.5,1,NA,1,1,NA
"375",6,15,1,0,8,2,2,2,2.33333333333333,2.5,3.5,2,0.5,1,1,1,NA
"376",13,15,1,0,9,4.66666666666667,3.66666666666667,3.33333333333333,4.66666666666667,3,NA,3,NA,NA,1,NA,NA
"377",7,15,1,0,11,2.66666666666667,2.33333333333333,1,1.66666666666667,2,NA,2,NA,NA,1,NA,NA
"378",5,15,1,0,10,1,1,1,1,0,NA,1,NA,NA,NA,NA,NA
"379",5,15,1,0,10,3,1.66666666666667,3.33333333333333,2.66666666666667,2.5,2.5,0.5,1,1,1,1,1
"380",5,14,1,0,8,1.66666666666667,1,2.66666666666667,1,2,NA,1,1,NA,1,1,NA
"381",5,14,1,0,9,1,1,1,1,4,NA,2,2,NA,1,1,NA
"382",5,14,1,0,4,1,1,2,2.33333333333333,1,NA,1,1,NA,1,NA,NA
"383",6,14,0,0,1,1,1,1,1,14,21,7,7,7,NA,1,1
"384",7,14,1,0,4,2.66666666666667,1,3,2.33333333333333,1.5,2.5,1,1,0.5,NA,1,1
"385",5,14,1,0,10,1,1,1.33333333333333,2,4,4,2,1,1,1,1,1
"386",6,14,1,0,3,2,1,1.66666666666667,1,2,NA,2,1,NA,1,NA,NA
"387",7,15,1,0,2,3,1.33333333333333,2,1.66666666666667,4,6,2,2,2,1,NA,1
"388",5,14,1,0,9,1,1,1,1,2,NA,2,2,NA,NA,1,NA
"389",7,15,1,0,6,3.66666666666667,3,4,2.33333333333333,NA,NA,NA,NA,NA,NA,NA,NA
"390",6,14,1,0,8,1,1,1,1,0,NA,2,NA,NA,NA,NA,NA
"391",8,15,1,0,3,3.33333333333333,3.66666666666667,3.33333333333333,3.66666666666667,0.5,NA,0.5,0.5,NA,NA,1,NA
"392",5,14,1,0,5,1,1,1.66666666666667,2.33333333333333,7,7,1,4,2,1,1,1
"393",7,14,1,0,8,2,2.66666666666667,3,2,4,NA,3,1,NA,1,1,NA
"394",6,15,1,0,11,2.33333333333333,1.66666666666667,2.66666666666667,3,0,NA,0.5,NA,NA,NA,NA,NA
"395",5,14,1,0,11,1,1,2.33333333333333,1.33333333333333,0.5,2,0.5,0.5,1,1,NA,NA
"396",7,14,0,0,9,1.66666666666667,1,1.33333333333333,1,0,NA,0.5,NA,NA,NA,NA,NA
"397",5,14,1,0,10,1,1,1.66666666666667,2,NA,NA,NA,NA,NA,NA,NA,NA
"398",12,14,1,0,8,4.33333333333333,4,4,4,2,2,0.5,1,0.5,1,1,1
"399",5,14,1,0,11,1.66666666666667,1,1.66666666666667,1.66666666666667,3,NA,2,1,NA,1,1,NA
"400",6,15,0,0,5,1.66666666666667,1.66666666666667,2,2.66666666666667,1.5,2.5,1,0.5,1,1,1,NA
"401",7,14,1,0,10,4,3.66666666666667,3.66666666666667,3.33333333333333,1,NA,1,NA,NA,1,NA,NA
"402",11,15,1,0,5,4.33333333333333,4,4.33333333333333,3.33333333333333,0.5,4,3,0.5,0.5,NA,NA,1
"403",6,15,1,0,9,2,3.33333333333333,3,2,6,6,2,2,2,1,1,1
"404",11,15,1,0,7,2.66666666666667,2,1.33333333333333,2,NA,NA,NA,NA,NA,NA,NA,NA
"405",8,15,1,0,10,4,3.33333333333333,4,4,0,NA,1,NA,NA,NA,NA,NA
"406",5,15,1,0,6,1,1,1,1.33333333333333,2,NA,2,0.5,NA,1,NA,NA
"407",5,14,1,0,5,2.33333333333333,1.66666666666667,3.66666666666667,3.33333333333333,3.5,3.5,2,1,0.5,1,1,1
"408",7,15,1,0,11,2.33333333333333,3,3.66666666666667,3.66666666666667,0,1.5,1,0,0.5,NA,NA,NA
"409",7,14,1,0,2,3,3,3,3,NA,NA,NA,NA,NA,NA,NA,NA
"410",6,14,1,0,10,4,2.66666666666667,2.66666666666667,2.33333333333333,4,4.5,3,0.5,1,1,NA,1
"411",10,15,1,0,11,2.33333333333333,3.33333333333333,3,2.66666666666667,NA,NA,NA,NA,NA,NA,NA,NA
"412",6,15,1,0,10,2,2,2,2.33333333333333,1,NA,1,1,NA,NA,1,NA
"413",7,14,1,0,5,3.33333333333333,2.66666666666667,2.66666666666667,4,3,NA,1,2,NA,1,1,NA
"414",5,14,1,0,3,1.66666666666667,1,1.66666666666667,2.66666666666667,0,NA,0.5,NA,NA,NA,NA,NA
"415",5,14,0,0,10,1.66666666666667,1,1,1,0,NA,1,NA,NA,NA,NA,NA
"416",8,15,1,0,9,4.33333333333333,3.33333333333333,3.33333333333333,2,3.5,3.5,2,0.5,1,1,1,1
"417",5,14,1,0,2,1,1.33333333333333,1,1,0,NA,2,NA,NA,NA,NA,NA
"418",6,14,1,0,10,1.66666666666667,1.66666666666667,2.33333333333333,2.33333333333333,3.5,3.5,2,0.5,1,1,1,1
"419",7,15,1,0,8,3,3.66666666666667,3,2.66666666666667,0,NA,0,NA,NA,1,NA,NA
"420",5,14,1,0,5,1,1.66666666666667,1,1.66666666666667,2,2.5,1,0.5,1,1,NA,1
"421",6,14,1,0,8,3.33333333333333,3,2.66666666666667,4.66666666666667,0,NA,0.5,NA,NA,NA,NA,NA
"422",13,14,1,0,9,4.33333333333333,3.66666666666667,4.33333333333333,4,NA,NA,NA,NA,NA,NA,NA,NA
"423",8,15,1,0,8,3,2,3.33333333333333,4,1,NA,1,1,NA,1,NA,NA
"424",5,14,1,0,3,1,1,1,1,4,5,2,2,1,1,1,NA
"425",7,15,1,0,10,3.66666666666667,2.66666666666667,3.66666666666667,2.33333333333333,4,4,2,1,1,1,1,1
"426",8,15,1,0,11,4,3,3.33333333333333,4,5,5,2,2,1,1,1,1
"427",7,15,1,0,2,3.66666666666667,3,3.33333333333333,3,5,11,3,2,6,1,1,NA
"428",13,15,1,0,1,4,3.33333333333333,3.66666666666667,3.66666666666667,0,NA,2,NA,NA,NA,NA,NA
"429",8,14,1,0,2,3,3,3.33333333333333,2,2,NA,1,1,NA,1,1,NA
"430",5,14,1,0,6,1.66666666666667,2,2,2.33333333333333,1,NA,1,NA,NA,1,NA,NA
"431",5,15,1,0,9,1,1,1,1,NA,NA,NA,NA,NA,NA,NA,NA
"432",6,14,1,0,5,1.66666666666667,1,2,2.66666666666667,1,8,4,1,3,NA,1,NA
"433",8,15,1,0,3,1.66666666666667,1.33333333333333,3,2.66666666666667,0,NA,2,NA,NA,NA,NA,NA
"434",6,14,1,0,5,2.33333333333333,1.33333333333333,1,2.33333333333333,0,NA,0.5,NA,NA,NA,NA,NA
"435",5,14,1,0,3,2,2.33333333333333,2.33333333333333,3,2,2,1,0.5,0.5,1,1,1
"436",8,14,1,0,6,3.33333333333333,3,3,3,2,NA,2,NA,NA,1,NA,NA
"437",5,14,1,0,3,3,2,2.66666666666667,3,5,5,2,2,1,1,1,1
"438",5,15,1,0,11,1,2,1.33333333333333,1,NA,NA,NA,NA,NA,NA,NA,NA
"439",9,14,1,0,10,4,3.33333333333333,4,3.66666666666667,2,NA,1,1,NA,1,1,NA
"440",6,15,1,0,5,1,1.33333333333333,2,2.66666666666667,2,NA,2,2,NA,1,NA,NA
"441",11,15,1,0,9,4,4,4,4,NA,NA,NA,NA,NA,NA,NA,NA
"442",5,14,1,0,9,3,2,2.33333333333333,2.33333333333333,2,5,1,2,2,NA,NA,1
"443",7,15,1,0,11,2.66666666666667,2.33333333333333,3,3,3.5,3.5,1,2,0.5,1,1,1
"444",5,15,1,0,10,2.66666666666667,2.33333333333333,3.33333333333333,3.33333333333333,1,NA,1,NA,NA,1,NA,NA
"445",6,15,1,0,10,2.66666666666667,1,2.66666666666667,3,2.5,4.5,2,2,0.5,NA,1,1
"446",7,14,1,0,3,3.66666666666667,4.33333333333333,4,3.33333333333333,6,NA,4,2,NA,1,1,NA
"447",10,14,1,0,4,3.33333333333333,3,2.66666666666667,3,3,NA,3,NA,NA,1,NA,NA
"448",5,14,1,0,7,1.33333333333333,1,2,1,2,3,1,1,1,1,NA,1
"449",10,15,1,0,4,2.66666666666667,3,2.66666666666667,3,5,8,2,3,3,1,NA,1
"450",6,14,1,0,9,3,3,3,3,2,NA,1,1,NA,1,1,NA
"451",5,15,1,0,7,2,2,1.33333333333333,2,0,NA,0.5,NA,NA,NA,NA,NA
"452",6,15,1,0,10,2,1.66666666666667,3,2,9,9,5,3,1,1,1,1
"453",8,14,1,0,10,2.33333333333333,3.33333333333333,3.33333333333333,2.66666666666667,4,5,1,2,2,NA,1,1
"454",5,14,1,0,4,3.33333333333333,2.33333333333333,3,4,2,NA,1,1,NA,1,1,NA
"455",5,14,1,0,10,1,1.33333333333333,1.33333333333333,2,0,NA,0.5,NA,NA,NA,NA,NA
"456",13,15,1,0,9,3,2.33333333333333,2.33333333333333,3,NA,NA,NA,NA,NA,NA,NA,NA
"457",7,15,1,0,5,3,2,4,2.33333333333333,0.5,1.5,0.5,0.5,0.5,NA,1,NA
"458",5,14,0,0,3,3,2,3.33333333333333,2.33333333333333,0,NA,1,NA,NA,NA,NA,NA
"459",7,14,1,0,5,2.66666666666667,3.33333333333333,3,4,NA,NA,NA,NA,NA,NA,NA,NA
"460",11,15,0,0,6,5,4.66666666666667,4,4.33333333333333,NA,NA,NA,NA,NA,NA,NA,NA
"461",6,15,1,0,5,1.33333333333333,2,2,3,1.5,2.5,1,0.5,1,1,1,NA
"462",6,14,1,0,11,1,1,1,1,0.5,NA,0.5,1,NA,1,NA,NA
"463",6,15,1,0,3,2,1.66666666666667,3,2.66666666666667,6.5,7,6,0.5,0.5,1,1,NA
"464",7,14,1,0,7,2.66666666666667,3,2.33333333333333,3,0,NA,1,NA,NA,NA,NA,NA
"465",6,15,1,0,11,1,1,1,1.66666666666667,0,NA,0.5,NA,NA,NA,NA,NA
"466",6,15,1,0,3,1.66666666666667,2.66666666666667,3,2.33333333333333,3,NA,2,3,NA,NA,1,NA
"467",8,14,1,0,1,3.33333333333333,2.33333333333333,4.33333333333333,4,1,NA,1,1,NA,NA,1,NA
"468",8,14,1,0,3,4,2.66666666666667,4,3,10,10,7,2,1,1,1,1
"469",8,15,1,0,6,3,3,3,3,0,NA,1,1,NA,NA,NA,NA
"470",5,15,1,0,6,1,1,1,2,4,NA,4,NA,NA,1,NA,NA
"471",6,14,1,0,10,2.33333333333333,3.33333333333333,2.33333333333333,3.33333333333333,4,5,1,2,2,NA,1,1
"472",5,14,1,0,8,2.33333333333333,2.33333333333333,2.33333333333333,3,3,NA,3,NA,NA,1,NA,NA
"473",7,14,1,0,7,3.66666666666667,3.33333333333333,4.33333333333333,3.66666666666667,1,NA,5,1,NA,NA,1,NA
"474",6,15,1,0,4,1.33333333333333,1.33333333333333,1.66666666666667,1,NA,NA,NA,NA,NA,NA,NA,NA
"475",6,14,1,0,10,2.66666666666667,2.33333333333333,3.33333333333333,2.33333333333333,7,10,2,3,5,1,NA,1
"476",12,15,1,0,7,5,4.66666666666667,5,5,4,4,2,1,1,1,1,1
"477",10,14,1,0,9,1.66666666666667,1.33333333333333,2,2.33333333333333,NA,NA,NA,NA,NA,NA,NA,NA
"478",6,14,0,0,9,2.33333333333333,1.66666666666667,3.33333333333333,3,1,NA,1,NA,NA,1,NA,NA
"479",5,15,1,0,3,1,1,1,1,2,4,1,1,2,NA,NA,1
"480",7,14,1,0,9,2.66666666666667,2.66666666666667,2.66666666666667,2,1,3.5,2,0.5,1,NA,NA,1
"481",7,15,1,0,1,1,1,1,1,2,4,1,1,2,1,1,NA
"482",5,15,1,0,8,1,1,1,1,4,4,1,1,2,1,1,1
"483",6,14,1,0,5,3.66666666666667,4,3.33333333333333,4,2,4,1,2,1,NA,1,NA
"484",6,15,1,0,6,2,2.66666666666667,3,3.33333333333333,3.5,3.5,2,1,0.5,1,1,1
"485",11,15,1,0,2,3,3.66666666666667,5,4.66666666666667,9,9,2,4,3,1,1,1
"486",6,14,1,0,5,3,1,3.33333333333333,3.66666666666667,4,4,2,1,1,1,1,1
"487",5,14,1,0,4,1,1,1,1,1,2.5,1,1,0.5,1,NA,NA
"488",6,15,1,0,4,2,2.66666666666667,2,2,9,9,3,3,3,1,1,1
"489",10,15,1,0,1,2,1.66666666666667,4.33333333333333,4.66666666666667,1,NA,1,3,NA,1,NA,NA
"490",7,14,1,0,2,4.33333333333333,4.33333333333333,4.33333333333333,4.33333333333333,3,6,3,1,2,NA,1,1
"491",7,15,1,0,5,2.33333333333333,2.33333333333333,2,3.33333333333333,0.5,NA,0.5,0.5,NA,1,NA,NA
"492",8,14,1,0,10,3.66666666666667,3,3.66666666666667,3.66666666666667,1,NA,1,NA,NA,1,NA,NA
"493",8,14,1,0,4,4,4,3.33333333333333,3.66666666666667,3,NA,2,1,NA,1,1,NA
"494",7,14,1,0,1,2.66666666666667,3,3.33333333333333,3.33333333333333,NA,NA,1,NA,NA,NA,NA,NA
"495",7,15,1,0,4,2.66666666666667,2,2.66666666666667,2,NA,NA,NA,NA,NA,NA,NA,NA
"496",5,15,1,0,3,2.33333333333333,2,2,2.33333333333333,1,2,0,1,1,1,1,NA
"497",5,14,1,0,1,1,1,1,1,NA,NA,NA,NA,NA,NA,NA,NA
"498",6,14,1,0,8,2.66666666666667,1.66666666666667,3.33333333333333,2.66666666666667,1,NA,1,NA,NA,1,NA,NA
"499",6,14,1,0,10,2.33333333333333,3,2,2,1.5,NA,0.5,1,NA,1,1,NA
"500",5,14,0,0,1,1,1,1,1,14,21,7,7,7,NA,1,1
"501",12,14,1,0,10,4.33333333333333,4,4,3.66666666666667,2,3,1,1,1,NA,1,1
"502",7,15,1,0,3,1.33333333333333,1.33333333333333,1.33333333333333,2,0.5,NA,1,0.5,NA,NA,1,NA
"503",5,14,1,0,8,1,2.33333333333333,1,1,5,5,2,2,1,1,1,1
"504",6,14,1,0,10,1.33333333333333,1,2,2.33333333333333,11,11,4,5,2,1,1,1
"505",5,15,1,0,5,1,1.66666666666667,1,2.66666666666667,2,NA,2,1,NA,1,NA,NA
"506",7,14,1,0,10,4,3.33333333333333,4,4.33333333333333,2,NA,2,NA,NA,1,NA,NA
"507",5,15,1,0,10,1.33333333333333,1,1.66666666666667,2,2.5,NA,2,0.5,NA,1,1,NA
"508",11,15,1,0,1,3,2.66666666666667,3.66666666666667,3,NA,NA,NA,NA,NA,NA,NA,NA
"509",7,14,1,0,5,3.33333333333333,4.33333333333333,3.66666666666667,3.66666666666667,0,NA,2,NA,NA,NA,NA,NA
"510",11,15,0,0,2,4.33333333333333,4.66666666666667,4.33333333333333,3.66666666666667,0,10,3,4,3,NA,NA,NA
"511",7,15,1,0,6,2.33333333333333,2.33333333333333,2.66666666666667,3,3,3,1,1,1,1,1,1
"512",8,15,1,0,5,3.33333333333333,2.66666666666667,3.66666666666667,3.66666666666667,3,NA,3,NA,NA,1,NA,NA
"513",10,14,1,0,9,1,2.33333333333333,1.66666666666667,2.33333333333333,2,NA,1,2,NA,NA,1,NA
"514",8,15,1,0,8,1,3,2.33333333333333,1.66666666666667,2.5,2.5,1,1,0.5,1,1,1
"515",11,15,1,0,1,3.33333333333333,4,4.33333333333333,4.33333333333333,4,5,3,1,1,1,NA,1
"516",10,15,1,0,10,3,3,3.33333333333333,3.33333333333333,NA,NA,NA,NA,NA,NA,NA,NA
"517",10,15,1,0,6,2.66666666666667,3,2.66666666666667,2.66666666666667,NA,NA,NA,NA,NA,NA,NA,NA
"518",5,14,1,0,8,1,1,1.33333333333333,1,5,5,1,2,2,1,1,1
"519",9,15,1,0,1,3,3,3,3.33333333333333,NA,NA,NA,NA,NA,NA,NA,NA
"520",12,14,1,0,8,2.33333333333333,2,2,2.66666666666667,NA,NA,NA,NA,NA,NA,NA,NA
"521",10,14,1,0,1,4.66666666666667,5,5,4.33333333333333,4,NA,4,NA,NA,1,NA,NA
"522",5,14,1,0,6,2.33333333333333,1,1,3,2,NA,2,NA,NA,1,NA,NA
"523",6,14,1,0,4,1,1,1,1.66666666666667,NA,NA,NA,NA,NA,NA,NA,NA
"524",7,14,1,0,11,2,1.66666666666667,2.66666666666667,3,2,NA,2,NA,NA,1,NA,NA
"525",9,14,1,0,10,3,3.66666666666667,4,4,12,NA,5,7,NA,1,1,NA
"526",6,14,1,0,3,2,1.66666666666667,1.66666666666667,2,2,NA,2,1,NA,1,NA,NA
"527",9,14,1,0,3,3.33333333333333,3.33333333333333,3.66666666666667,4,1,3.5,2,1,0.5,NA,1,NA
"528",6,14,1,0,9,3,3,3,3,NA,NA,NA,NA,NA,NA,NA,NA
"529",5,15,1,0,3,1,1,1,1,2,NA,1,1,NA,1,1,NA
"530",7,14,1,0,8,2.33333333333333,3.33333333333333,2.66666666666667,2.66666666666667,NA,NA,NA,NA,NA,NA,NA,NA
"531",9,14,0,0,8,3,3.33333333333333,3.33333333333333,3,0,NA,1,NA,NA,NA,NA,NA
"532",6,14,1,0,10,2.66666666666667,1.33333333333333,2.66666666666667,2.33333333333333,2,2.5,2,0.5,0,1,NA,1
"533",6,15,0,0,5,2,1.66666666666667,1.66666666666667,1.66666666666667,NA,NA,NA,NA,NA,NA,NA,NA
"534",7,14,1,0,5,2.33333333333333,2,2.33333333333333,2,2,NA,2,2,NA,1,NA,NA
"535",7,15,1,0,1,1.66666666666667,1,2,2.33333333333333,3,NA,2,1,NA,1,1,NA
"536",7,15,1,0,10,1,1,1.66666666666667,1.66666666666667,2,NA,2,NA,NA,1,NA,NA
"537",6,14,1,0,10,2.33333333333333,1.33333333333333,1.66666666666667,1.33333333333333,2,NA,2,NA,NA,1,NA,NA
"538",5,15,0,0,1,1.66666666666667,1.66666666666667,1,1.66666666666667,0.5,NA,0.5,0.5,NA,1,NA,NA
"539",11,15,1,0,10,3.66666666666667,3.33333333333333,4,4.33333333333333,1.5,NA,1,0.5,NA,1,1,NA
"540",6,14,1,0,1,3,3.33333333333333,2.33333333333333,3,NA,NA,NA,NA,NA,NA,NA,NA
"541",6,14,1,0,1,2.33333333333333,3.66666666666667,2.66666666666667,2,2,NA,2,NA,NA,1,NA,NA
"542",5,14,1,0,6,1,1.66666666666667,1.33333333333333,1.33333333333333,1,NA,0.5,0.5,NA,1,1,NA
"543",6,14,1,0,10,2.33333333333333,3,2.66666666666667,3,3.5,4.5,1,0.5,3,NA,1,1
"544",5,14,1,1,9,4.33333333333333,4,3.66666666666667,3.66666666666667,NA,NA,NA,NA,NA,NA,NA,NA
"545",9,14,1,1,10,3.66666666666667,3.66666666666667,4.66666666666667,3.66666666666667,0,NA,2,NA,NA,NA,NA,NA
"546",8,15,0,1,6,1.66666666666667,1,2.33333333333333,1.66666666666667,3.5,5.5,0.5,3,2,1,1,NA
"547",10,14,1,1,9,3,2,3,2.66666666666667,NA,NA,NA,NA,NA,NA,NA,NA
"548",7,15,1,1,10,1,1,1.33333333333333,1,NA,NA,NA,NA,NA,NA,NA,NA
"549",6,15,1,1,5,3,2.33333333333333,2.66666666666667,3,1.5,1.5,0.5,0.5,0.5,1,1,1
"550",6,15,1,1,9,2.33333333333333,2.33333333333333,2.33333333333333,2.66666666666667,4,7,3,2,2,NA,1,1
"551",5,15,1,1,10,1,1,1.33333333333333,1,5,5,1,2,2,1,1,1
"552",7,15,1,1,11,3,2.33333333333333,3.66666666666667,4.66666666666667,0,1.5,0.5,0.5,0.5,NA,NA,NA
"553",6,14,1,1,3,3,3,2.66666666666667,3,1.5,2.5,1,1,0.5,1,NA,1
"554",8,14,1,1,3,3.66666666666667,1,4,3,0,NA,1,NA,NA,NA,NA,NA
"555",6,14,1,1,3,2,1,1.66666666666667,1.33333333333333,1.5,2,0.5,1,0.5,NA,1,1
"556",11,15,1,1,11,4,3.66666666666667,4,3.66666666666667,1,2.5,1,1,0.5,1,NA,NA
"557",5,14,1,1,11,1.33333333333333,1.66666666666667,2,1.33333333333333,0.5,NA,0.5,NA,NA,1,NA,NA
"558",7,14,1,1,1,4.33333333333333,3,3.33333333333333,3,4,5,3,1,1,1,1,NA
"559",5,14,1,1,8,1,1,2,1.33333333333333,1.5,1.5,0.5,0.5,0.5,1,1,1
"560",6,15,1,1,3,2,1.33333333333333,2,2,NA,NA,NA,NA,NA,NA,NA,NA
"561",5,14,1,1,11,1,1,1,2.33333333333333,0,NA,0,NA,NA,1,NA,NA
"562",10,14,1,1,7,3.33333333333333,3.33333333333333,3,2.66666666666667,8,NA,5,3,NA,1,1,NA
"563",6,15,1,1,7,3.66666666666667,1,3,1.66666666666667,1.5,2,0.5,1,0.5,1,1,NA
"564",7,15,1,1,3,2.66666666666667,1,2.33333333333333,4,0,NA,0.5,NA,NA,NA,NA,NA
"565",6,14,1,1,9,4,3.66666666666667,3.66666666666667,4.66666666666667,NA,NA,NA,NA,NA,NA,NA,NA
"566",5,14,1,1,8,2,2.33333333333333,2,1,1,NA,0.5,0.5,NA,1,1,NA
"567",9,14,1,1,2,4,2.66666666666667,2.66666666666667,3,NA,NA,NA,NA,NA,NA,NA,NA
"568",6,14,1,1,7,2,1,1,1.33333333333333,NA,NA,NA,NA,NA,NA,NA,NA
"569",6,14,1,1,10,1.33333333333333,1.33333333333333,3,2.33333333333333,NA,NA,NA,NA,NA,NA,NA,NA
"570",6,14,1,1,4,3,2,3.66666666666667,3.33333333333333,0.5,1.5,0.5,0.5,0.5,NA,NA,1
"571",6,15,1,1,2,1.66666666666667,1,1.33333333333333,1.33333333333333,1,1.5,0.5,0.5,0.5,NA,1,1
"572",5,14,1,1,1,2,2,2,2,0.5,NA,0.5,NA,NA,1,NA,NA
"573",6,14,1,1,4,1.66666666666667,1.33333333333333,1.66666666666667,2,1,1.5,0.5,0.5,0.5,1,NA,1
"574",6,15,1,1,9,3.33333333333333,1,2,1.66666666666667,NA,NA,NA,NA,NA,NA,NA,NA
"575",5,15,1,1,5,1,1,1,1.66666666666667,1,NA,1,1,NA,1,NA,NA
"576",5,14,0,1,9,1,1,1,1.66666666666667,NA,NA,NA,NA,NA,NA,NA,NA
"577",6,14,1,1,10,1.66666666666667,1,1.33333333333333,2.33333333333333,0,NA,0.5,1,NA,NA,NA,NA
"578",13,15,1,1,11,5,4,4.66666666666667,4.33333333333333,2,NA,2,2,NA,1,NA,NA
"579",7,14,1,1,4,3.33333333333333,2.33333333333333,3,3.66666666666667,0,NA,1,1,NA,NA,NA,NA
"580",6,15,1,1,9,2.33333333333333,2,2,3,3,6,3,1,2,NA,1,1
"581",10,15,0,1,10,4,3.33333333333333,3.33333333333333,3.66666666666667,NA,NA,NA,NA,NA,NA,NA,NA
"582",5,15,1,1,8,1,1,1,2.33333333333333,0.5,NA,0.5,NA,NA,1,NA,NA
"583",5,14,1,1,1,1.66666666666667,1,1.66666666666667,1.66666666666667,NA,NA,NA,NA,NA,NA,NA,NA
"584",5,15,1,1,9,3,2,2.33333333333333,4.33333333333333,0,NA,0,NA,NA,1,NA,NA
"585",5,14,1,1,3,1.33333333333333,1.66666666666667,1.66666666666667,1.66666666666667,2,4,1,2,1,1,NA,1
"586",6,15,1,1,6,1.66666666666667,1.66666666666667,2,2.66666666666667,0,NA,1,1,NA,NA,NA,NA
"587",6,15,1,1,3,1,1,1.33333333333333,2,NA,NA,NA,NA,NA,NA,NA,NA
"588",6,14,1,1,4,2.66666666666667,3.33333333333333,2.33333333333333,2.66666666666667,3,4,1,2,1,1,1,NA
"589",5,14,1,1,3,1,1,1.66666666666667,4.33333333333333,NA,NA,NA,NA,NA,NA,NA,NA
"590",7,15,1,1,1,3.66666666666667,4,3,3,8,8,2,3,3,1,1,1
"591",7,15,1,1,3,1,1,2.66666666666667,3.33333333333333,NA,NA,NA,NA,NA,NA,NA,NA
"592",6,14,1,1,1,1,1,1,2,1.5,NA,0.5,1,NA,1,1,NA
"593",7,14,0,1,9,1,1,1,1,NA,NA,NA,NA,NA,NA,NA,NA
"594",5,15,1,1,11,1,1,1,1,0,NA,0.5,1,NA,NA,NA,NA
"595",9,15,1,1,1,3.66666666666667,2,2.66666666666667,2,NA,NA,NA,NA,NA,NA,NA,NA
"596",11,15,1,1,7,1.33333333333333,2.33333333333333,1.33333333333333,1.33333333333333,NA,NA,NA,NA,NA,NA,NA,NA
"597",7,15,1,1,10,4,3.33333333333333,3,3.66666666666667,1,NA,0.5,1,NA,NA,1,NA
"598",11,14,1,1,6,2.33333333333333,3.33333333333333,2.66666666666667,3,NA,NA,7,NA,NA,NA,NA,NA
"599",6,15,1,1,8,2.33333333333333,1.66666666666667,4,3.66666666666667,1.5,1.5,0,0.5,1,1,1,1
"600",6,15,1,1,9,2.66666666666667,1.33333333333333,4,2.66666666666667,0,NA,2,NA,NA,NA,NA,NA
"601",9,15,1,1,3,2.33333333333333,2.33333333333333,2.33333333333333,3.33333333333333,7,NA,4,3,NA,1,1,NA
"602",8,15,1,1,11,3.33333333333333,1.66666666666667,2.66666666666667,1.66666666666667,2,2,1,0.5,0.5,1,1,1
"603",5,14,1,1,2,1,1.33333333333333,1,2.66666666666667,NA,NA,NA,NA,NA,NA,NA,NA
"604",8,14,1,1,5,1,1,1,1,NA,NA,NA,NA,NA,NA,NA,NA
"605",7,14,1,1,5,3.66666666666667,3,2.66666666666667,2.33333333333333,0.5,NA,0.5,0.5,NA,1,NA,NA
"606",7,15,1,1,3,2,1.33333333333333,3,2.33333333333333,0,NA,0.5,0.5,NA,NA,NA,NA
"607",5,15,1,1,10,1,1,1.33333333333333,1,NA,NA,NA,NA,NA,NA,NA,NA
"608",7,15,1,1,10,2,2,2.33333333333333,2,NA,NA,NA,NA,NA,NA,NA,NA
"609",5,14,1,1,2,2,2.66666666666667,2,1.66666666666667,5.5,5.5,3,0.5,2,1,1,1
"610",8,15,1,1,10,4.33333333333333,2,5,5,3.5,3.5,2,1,0.5,1,1,1
"611",6,15,1,1,10,1,1,1.33333333333333,1,3,5,2,2,1,1,NA,1
"612",5,15,1,1,10,2,2,2.66666666666667,3,3,3,2,0.5,0.5,1,1,1
"613",9,15,1,1,9,3,2.33333333333333,3.66666666666667,3.33333333333333,NA,NA,NA,NA,NA,NA,NA,NA
"614",7,15,1,1,5,3,1.33333333333333,2,1.66666666666667,2,NA,2,NA,NA,1,NA,NA
"615",6,14,1,1,3,4,3.66666666666667,4,4.66666666666667,1,3,1,1,1,NA,1,NA
"616",7,15,1,1,11,2.66666666666667,2.33333333333333,2.66666666666667,2.33333333333333,0,NA,1,NA,NA,NA,NA,NA
"617",5,14,1,1,6,1.66666666666667,2,2,1.66666666666667,0.5,NA,0.5,NA,NA,1,NA,NA
"618",9,14,1,1,9,1,1,1,1,3,NA,4,3,NA,NA,1,NA
"619",11,15,0,1,2,3.66666666666667,4.66666666666667,4.33333333333333,3.33333333333333,0,NA,2,NA,NA,NA,NA,NA
"620",7,14,1,1,1,3,3.33333333333333,3,2.66666666666667,1,NA,1,NA,NA,1,NA,NA
"621",7,15,1,1,8,2.33333333333333,1,2,3.66666666666667,0,NA,1,2,NA,NA,NA,NA
"622",5,14,1,1,1,1,1,1,1.33333333333333,1,NA,0.5,0.5,NA,1,1,NA
"623",5,15,0,1,6,1,2,1,2.33333333333333,NA,NA,NA,NA,NA,NA,NA,NA
"624",5,14,1,1,3,2.33333333333333,1,1.33333333333333,3,NA,NA,NA,NA,NA,NA,NA,NA
"625",7,14,1,1,4,2,1,2,2.33333333333333,1.5,1.5,0.5,0.5,0.5,1,1,1
"626",13,15,1,1,9,5,5,5,5,6,6,2,2,2,1,1,1
"627",9,15,1,1,7,3.33333333333333,1,3,5,0,NA,0.5,NA,NA,NA,NA,NA
"628",7,15,1,1,3,1.66666666666667,1.66666666666667,2,1.33333333333333,7,NA,7,NA,NA,1,NA,NA
"629",6,15,1,1,7,2,1,1.66666666666667,1,4,5,2,2,1,1,1,NA
"630",5,14,1,1,6,2.33333333333333,2,2.33333333333333,2.33333333333333,NA,NA,NA,NA,NA,NA,NA,NA
"631",6,14,1,1,3,3,2,3,3.33333333333333,NA,NA,NA,NA,NA,NA,NA,NA
"632",8,15,1,1,6,4,3,2.33333333333333,4.33333333333333,0,2.5,0.5,1,1,NA,NA,NA
"633",7,15,1,1,10,2.66666666666667,2.33333333333333,3,3.33333333333333,NA,NA,NA,NA,NA,NA,NA,NA
"634",6,15,1,1,3,1,1,2.33333333333333,1,NA,NA,NA,NA,NA,NA,NA,NA
"635",7,15,1,1,5,4,2,4,2.66666666666667,1.5,2,0.5,0.5,1,1,NA,1
"636",6,14,1,1,11,4.66666666666667,3.33333333333333,4.33333333333333,4,1.5,2,1,0.5,0.5,1,NA,1
"637",7,14,1,1,5,2.66666666666667,2.66666666666667,2,3.33333333333333,NA,NA,NA,NA,NA,NA,NA,NA
"638",6,14,0,1,8,3,2.33333333333333,3.33333333333333,3.33333333333333,0,NA,2,0.5,NA,NA,NA,NA
"639",7,14,1,1,4,3,3,3.66666666666667,3.66666666666667,NA,NA,NA,NA,NA,NA,NA,NA
"640",5,14,1,1,5,1,1,1,1,NA,NA,NA,NA,NA,NA,NA,NA
"641",5,14,1,1,7,1,1,1,1,1,NA,1,NA,NA,1,NA,NA
"642",5,14,1,1,9,1,2,2,1,1,4,2,1,1,NA,1,NA
"643",6,15,1,1,7,3.33333333333333,2.33333333333333,2.66666666666667,2.66666666666667,NA,NA,NA,NA,NA,NA,NA,NA
"644",8,14,1,1,9,1.33333333333333,1,1,1,NA,NA,NA,NA,NA,NA,NA,NA
"645",10,14,1,1,6,2.66666666666667,3.33333333333333,2.66666666666667,3,NA,NA,NA,NA,NA,NA,NA,NA
"646",7,14,1,1,10,3.66666666666667,1.33333333333333,2.66666666666667,1.66666666666667,1,NA,1,NA,NA,1,NA,NA
"647",8,15,1,1,8,4.66666666666667,2.66666666666667,3,4.33333333333333,NA,NA,NA,NA,NA,NA,NA,NA
"648",6,15,1,1,4,3,2,2.33333333333333,2,0.5,NA,0.5,NA,NA,1,NA,NA
"649",13,14,1,1,7,5,5,5,5,14,NA,7,7,NA,1,1,NA
"650",11,14,1,1,4,3.33333333333333,1.33333333333333,3.66666666666667,4,NA,NA,NA,NA,NA,NA,NA,NA
"651",6,15,1,1,9,3.33333333333333,3,2,3,NA,NA,NA,NA,NA,NA,NA,NA
"652",6,15,0,1,6,1.66666666666667,1.66666666666667,1.33333333333333,2.66666666666667,0.5,2,0.5,1,0.5,1,NA,NA
"653",7,15,1,1,10,3,3,3,3,NA,NA,NA,NA,NA,NA,NA,NA
"654",7,15,1,1,4,1.66666666666667,2,2,2,NA,NA,NA,NA,NA,NA,NA,NA
"655",6,14,1,1,7,2,1,1.33333333333333,1.66666666666667,NA,NA,NA,NA,NA,NA,NA,NA
"656",9,14,1,1,11,5,4.66666666666667,5,4.33333333333333,NA,NA,NA,NA,NA,NA,NA,NA
"657",6,15,1,1,6,1.33333333333333,1.66666666666667,2,1.66666666666667,0,NA,2,NA,NA,NA,NA,NA
"658",5,15,1,1,2,3.66666666666667,3,3.66666666666667,3.33333333333333,2.5,3.5,2,1,0.5,1,NA,1
"659",5,15,1,1,8,1,1,1.33333333333333,1.33333333333333,NA,NA,NA,NA,NA,NA,NA,NA
"660",8,15,1,1,1,1.33333333333333,1,1.66666666666667,1.66666666666667,1,NA,1,1,NA,1,NA,NA
"661",7,15,1,1,11,3,2,4,4,0,2,1,0.5,0.5,NA,NA,NA
"662",5,15,1,1,5,2.66666666666667,2,2.66666666666667,3,NA,NA,NA,NA,NA,NA,NA,NA
"663",7,15,1,1,1,2.33333333333333,2.33333333333333,3,3,NA,NA,NA,NA,NA,NA,NA,NA
"664",9,15,1,1,9,3.66666666666667,4,3.33333333333333,3.66666666666667,0,NA,3,NA,NA,NA,NA,NA
"665",7,14,1,1,1,4.33333333333333,2.66666666666667,4,4.66666666666667,3,NA,0,3,NA,1,1,NA
"666",7,14,1,1,8,3,3,3,3,NA,NA,NA,NA,NA,NA,NA,NA
"667",7,14,1,1,5,1.33333333333333,1.66666666666667,2.33333333333333,3.33333333333333,2,NA,2,NA,NA,1,NA,NA
"668",11,15,1,1,9,4.33333333333333,4.33333333333333,4,4.33333333333333,1,NA,3,1,NA,NA,1,NA
"669",6,14,1,1,11,4,4,4.66666666666667,3.33333333333333,NA,NA,NA,NA,NA,NA,NA,NA
"670",6,15,1,1,3,1.33333333333333,2.33333333333333,1.33333333333333,2.66666666666667,0.5,NA,0.5,0.5,NA,1,NA,NA
"671",7,14,1,1,4,3,2,3.66666666666667,3.66666666666667,0.5,1.5,0.5,0.5,0.5,NA,NA,1
"672",5,15,1,1,9,1,1.66666666666667,1,2.33333333333333,NA,NA,NA,NA,NA,NA,NA,NA
"673",8,14,1,1,10,1.66666666666667,1.33333333333333,3,1.33333333333333,1,3,1,1,1,NA,NA,1
"674",7,14,1,1,7,2.66666666666667,3,3.33333333333333,3,NA,NA,NA,NA,NA,NA,NA,NA
"675",5,15,1,1,2,2.66666666666667,2.33333333333333,2.66666666666667,2.66666666666667,0,NA,0.5,NA,NA,NA,NA,NA
"676",11,14,1,1,10,5,3,4.66666666666667,4,0.5,NA,0.5,NA,NA,1,NA,NA
"677",6,14,1,1,11,1.66666666666667,1,1.66666666666667,2.66666666666667,7,7,2,2,3,1,1,1
"678",6,14,1,1,3,2,2,2,2.66666666666667,2,NA,1,1,NA,1,1,NA
"679",7,15,1,1,10,3,1.33333333333333,2.66666666666667,3,2,NA,2,NA,NA,1,NA,NA
"680",7,15,1,1,8,3.66666666666667,2.66666666666667,3.66666666666667,2.66666666666667,0,NA,1,NA,NA,NA,NA,NA
"681",5,14,1,1,3,1,1,1,1,1,1.5,0.5,0.5,0.5,1,NA,1
"682",6,14,1,1,10,1.66666666666667,1.33333333333333,2.66666666666667,2,NA,NA,NA,NA,NA,NA,NA,NA
"683",5,14,1,1,5,1,1,1.66666666666667,1.66666666666667,1.5,NA,1,0.5,NA,1,1,NA
"684",7,15,1,1,8,1.66666666666667,2.66666666666667,2.33333333333333,3,NA,NA,NA,NA,NA,NA,NA,NA
"685",5,15,1,1,3,1.66666666666667,1,2,3,NA,NA,NA,NA,NA,NA,NA,NA
"686",12,15,1,1,9,4.33333333333333,4,4.33333333333333,4.33333333333333,NA,9,3,3,3,NA,NA,NA
"687",8,14,1,1,3,3.66666666666667,5,4,4.66666666666667,2,NA,2,NA,NA,1,NA,NA
"688",5,15,1,1,4,1.33333333333333,1,2.33333333333333,3,1,1.5,0.5,0.5,0.5,1,1,NA
"689",5,14,1,1,1,1,1,1,1.66666666666667,0.5,NA,0.5,NA,NA,1,NA,NA
"690",7,15,1,1,6,2,1.33333333333333,2.33333333333333,3,1.5,3.5,2,0.5,1,NA,1,1
"691",5,15,1,1,9,1,1,2,1,0,NA,0.5,NA,NA,NA,NA,NA
"692",9,15,1,1,2,4,3.33333333333333,3.33333333333333,3.66666666666667,NA,NA,NA,NA,NA,NA,NA,NA
"693",6,15,1,1,8,1.33333333333333,1,2,2.33333333333333,0,NA,0.5,NA,NA,NA,NA,NA
"694",5,15,1,1,5,2,1,2.33333333333333,2.66666666666667,NA,NA,NA,NA,NA,NA,NA,NA
"695",5,15,1,1,10,2,1,3,3.33333333333333,0,1.5,0.5,0.5,0.5,NA,NA,NA
"696",5,15,1,1,2,2,1,1,1.66666666666667,NA,NA,NA,NA,NA,NA,NA,NA
"697",7,14,1,1,5,4,2.66666666666667,4,3.66666666666667,1.5,2,1,0.5,0.5,1,NA,1
"698",7,14,1,1,11,3.33333333333333,1,4,3.66666666666667,2.5,2.5,1,1,0.5,1,1,1
"699",5,15,1,1,10,3,2,2.66666666666667,2.66666666666667,1.5,1.5,0.5,0.5,0.5,1,1,1
"700",5,14,1,1,5,1,1,1,1,NA,NA,NA,NA,NA,NA,NA,NA
"701",6,15,1,1,11,1,1,1,1,0,NA,0.5,NA,NA,NA,NA,NA
"702",5,15,1,1,2,1.33333333333333,1,1,2,NA,NA,NA,NA,NA,NA,NA,NA
"703",8,14,1,1,8,4,1.66666666666667,3.66666666666667,3.66666666666667,2,NA,2,NA,NA,1,NA,NA
"704",7,15,1,1,4,1.33333333333333,1.66666666666667,1.66666666666667,2.66666666666667,0.5,1,0,0.5,0.5,NA,1,NA
"705",5,14,1,1,8,3,2.66666666666667,4,4.33333333333333,1,NA,1,NA,NA,1,NA,NA
"706",6,14,1,1,8,1.33333333333333,1,1.66666666666667,3,0.5,NA,0.5,NA,NA,1,NA,NA
"707",5,15,1,1,10,3,3,3,3,0,NA,2,NA,NA,NA,NA,NA
"708",6,14,1,1,4,1.33333333333333,1,2,1,1.5,2,1,0.5,0.5,1,1,NA
"709",5,14,1,1,9,3.66666666666667,3.66666666666667,3.66666666666667,3.33333333333333,NA,NA,NA,NA,NA,NA,NA,NA
"710",5,15,1,1,10,1.66666666666667,1,2,2,2,NA,1,1,NA,1,1,NA
"711",5,15,1,1,8,2,2,2,2,NA,NA,NA,NA,NA,NA,NA,NA
"712",5,15,1,1,3,5,5,5,5,NA,NA,NA,NA,NA,NA,NA,NA
"713",5,14,1,1,9,1.66666666666667,1,1.66666666666667,2,1.5,2,1,0.5,0.5,1,1,NA
"714",6,14,1,1,8,1.33333333333333,1,2,1.33333333333333,1,1.5,0.5,0.5,0.5,NA,1,1
"715",9,14,1,1,4,4,2.66666666666667,3.66666666666667,3,1,NA,1,NA,NA,1,NA,NA
"716",6,14,1,1,3,1.33333333333333,1,1.33333333333333,1.66666666666667,0,NA,0.5,0.5,NA,NA,NA,NA
"717",9,14,1,1,4,2,3,3.33333333333333,2,0.5,1.5,0.5,0.5,0.5,NA,1,NA
"718",7,15,1,1,8,3,2,2.33333333333333,2,2,3,1,1,1,1,NA,1
"719",6,15,1,1,3,3.33333333333333,3.33333333333333,4,3.33333333333333,0.5,NA,0.5,NA,NA,1,NA,NA
"720",9,14,1,1,2,3,3,3,3,NA,NA,NA,NA,NA,NA,NA,NA
"721",6,14,1,1,3,2,1,2.66666666666667,2.66666666666667,0.5,NA,0.5,NA,NA,1,NA,NA
"722",5,14,1,1,11,3.66666666666667,4.66666666666667,4.66666666666667,4.66666666666667,8,NA,5,3,NA,1,1,NA
"723",5,14,1,1,3,1,1,2.66666666666667,1,NA,NA,NA,NA,NA,NA,NA,NA
"724",7,15,0,1,4,3.66666666666667,4.66666666666667,4,3.33333333333333,NA,NA,NA,NA,NA,NA,NA,NA
"725",5,15,1,1,10,2.66666666666667,1,1,1.33333333333333,NA,NA,NA,NA,NA,NA,NA,NA
"726",5,14,1,1,6,2,2,1.66666666666667,1.66666666666667,NA,NA,NA,NA,NA,NA,NA,NA
"727",5,14,1,1,9,1,1,2,1,0,NA,0,NA,NA,NA,NA,NA
"728",9,14,1,1,9,3.66666666666667,1.33333333333333,3,4,4,NA,4,NA,NA,1,NA,NA
"729",5,15,1,1,6,1.33333333333333,1.33333333333333,1.33333333333333,1,7,NA,3,4,NA,1,1,NA
"730",5,14,1,1,1,1.66666666666667,1,2,1.66666666666667,NA,NA,NA,NA,NA,NA,NA,NA
"731",6,15,1,1,11,1,1.66666666666667,1.66666666666667,2.66666666666667,1.5,2.5,1,0.5,1,NA,1,1
"732",5,14,0,1,11,1,1,1.66666666666667,1,NA,NA,NA,NA,NA,NA,NA,NA
"733",5,15,1,1,8,1,1,3.33333333333333,1,4,NA,2,2,NA,1,1,NA
"734",8,14,1,1,11,3,1.66666666666667,3.33333333333333,3.33333333333333,1,8,4,1,3,NA,1,NA
"735",9,14,1,1,9,3.33333333333333,3.66666666666667,3.66666666666667,3.33333333333333,0,NA,0.5,0.5,NA,NA,NA,NA
"736",8,14,1,1,4,2,1.33333333333333,2.33333333333333,3.33333333333333,0.5,NA,0.5,NA,NA,1,NA,NA
"737",5,15,1,1,3,1.33333333333333,1.66666666666667,2.33333333333333,1.66666666666667,0.5,NA,0.5,NA,NA,1,NA,NA
"738",9,15,1,1,3,3,3,3,3,NA,NA,NA,NA,NA,NA,NA,NA
"739",6,15,1,1,10,3,3,3,3,NA,NA,NA,NA,NA,NA,NA,NA
"740",5,15,1,1,5,1.33333333333333,1,2.33333333333333,2.33333333333333,NA,NA,NA,NA,NA,NA,NA,NA
"741",8,14,1,1,10,3.33333333333333,2.66666666666667,2,3,5.5,5.5,0.5,2,3,1,1,1
"742",9,14,1,1,1,2,2.33333333333333,2.66666666666667,4,NA,NA,NA,NA,NA,NA,NA,NA
"743",6,15,1,1,11,1,1,1.33333333333333,1,0.5,NA,0.5,0.5,NA,NA,1,NA
"744",5,15,1,1,11,1.33333333333333,1,1,2.33333333333333,0,NA,1,NA,NA,NA,NA,NA
"745",5,15,1,1,2,1.66666666666667,1.66666666666667,1.33333333333333,3,1.5,2.5,1,0.5,1,1,1,NA
"746",5,15,1,1,4,1,1.33333333333333,1.33333333333333,2.66666666666667,1,NA,1,NA,NA,1,NA,NA
"747",6,14,1,1,10,3,3,3,3,2.5,NA,0.5,2,NA,1,1,NA
"748",6,14,1,1,3,2.33333333333333,1,2.33333333333333,1.66666666666667,2,NA,1,1,NA,1,1,NA
"749",5,15,1,1,8,1,1,1,1,NA,NA,NA,NA,NA,NA,NA,NA
"750",7,14,1,1,2,2.66666666666667,3.33333333333333,2.33333333333333,3,2,NA,1,1,NA,1,1,NA
"751",9,14,1,1,1,2.33333333333333,1,2,4,0,NA,0.5,NA,NA,NA,NA,NA
"752",6,14,1,1,1,1.33333333333333,2,1.66666666666667,2.66666666666667,2,NA,2,1,NA,1,NA,NA
"753",5,15,1,1,2,1,1,1.33333333333333,1.66666666666667,NA,NA,NA,NA,NA,NA,NA,NA
"754",5,14,1,1,6,1,1,1,3,0,NA,1,NA,NA,NA,NA,NA
"755",12,15,1,1,4,3.33333333333333,2.33333333333333,3,2.66666666666667,NA,NA,NA,NA,NA,NA,NA,NA
"756",6,15,1,1,6,1,1,1,1,NA,NA,NA,NA,NA,NA,NA,NA
"757",5,15,1,1,11,2,2,2.33333333333333,2,1,NA,1,NA,NA,1,NA,NA
"758",7,15,1,1,10,2.66666666666667,1.33333333333333,2.33333333333333,3.33333333333333,1,NA,1,0,NA,1,NA,NA
"759",7,15,1,1,1,3.66666666666667,2,3,2,0,1.5,0.5,1,0,NA,NA,NA
"760",9,14,1,1,11,4,2,4,3.66666666666667,NA,NA,NA,NA,NA,NA,NA,NA
"761",5,14,0,1,9,2,1.66666666666667,3.33333333333333,2.33333333333333,3,NA,1,2,NA,1,1,NA
"762",6,15,1,1,9,2.66666666666667,2,1.66666666666667,2.33333333333333,NA,NA,NA,NA,NA,NA,NA,NA
"763",7,14,1,1,4,2,1.66666666666667,2,2.33333333333333,NA,NA,NA,NA,NA,NA,NA,NA
"764",7,15,1,1,5,3,1,3,2,0.5,NA,0.5,NA,NA,1,NA,NA
"765",10,15,1,1,3,3.66666666666667,1.66666666666667,3,4.66666666666667,NA,NA,NA,NA,NA,NA,NA,NA
"766",7,14,1,1,6,1,1,1,1,NA,NA,NA,NA,NA,NA,NA,NA
"767",7,15,0,1,9,2.66666666666667,3,2.33333333333333,2.33333333333333,NA,NA,NA,NA,NA,NA,NA,NA
"768",6,14,1,1,10,2,1.33333333333333,2,2.66666666666667,0,NA,0.5,1,NA,NA,NA,NA
"769",6,15,1,1,1,1.66666666666667,1,1.33333333333333,2,NA,NA,NA,NA,NA,NA,NA,NA
"770",6,14,1,1,2,3.33333333333333,1.66666666666667,4.33333333333333,3.66666666666667,4,4.5,2,2,0.5,1,1,NA
"771",7,15,1,1,6,3.66666666666667,4.33333333333333,4,3.66666666666667,1.5,4.5,1,0.5,3,1,1,NA
"772",6,14,1,1,10,3.66666666666667,3.33333333333333,4,4,NA,NA,NA,NA,NA,NA,NA,NA
"773",7,14,0,1,2,2,2,2,3,NA,NA,NA,NA,NA,NA,NA,NA
"774",9,14,1,1,8,3.66666666666667,3,4.33333333333333,3.66666666666667,0,NA,1,NA,NA,NA,NA,NA
"775",7,14,1,1,6,2.33333333333333,1.33333333333333,1.66666666666667,2.33333333333333,NA,NA,NA,NA,NA,NA,NA,NA
"776",10,15,1,1,11,4,3.66666666666667,4,4,NA,NA,NA,NA,NA,NA,NA,NA
"777",7,14,1,1,3,4.66666666666667,3.33333333333333,4,3,0.5,NA,0.5,0.5,NA,1,NA,NA
"778",6,14,1,1,7,1,1,2.33333333333333,1,0.5,NA,1,0.5,NA,NA,1,NA
"779",7,15,1,1,6,1.33333333333333,1,1.33333333333333,2,0.5,1.5,0.5,0.5,0.5,1,NA,NA
"780",6,14,1,1,10,1.33333333333333,1,1.66666666666667,2.66666666666667,NA,NA,NA,NA,NA,NA,NA,NA
"781",6,14,1,1,5,3,2,1.66666666666667,3.66666666666667,0,3,2,0.5,0.5,NA,NA,NA
"782",6,14,1,1,7,1.66666666666667,1.33333333333333,2.66666666666667,2,2,NA,2,1,NA,1,NA,NA
"783",5,14,1,1,8,2.33333333333333,1.33333333333333,2,3,5,NA,2,3,NA,1,1,NA
"784",5,14,1,1,7,1.33333333333333,1,2.66666666666667,4.66666666666667,1,NA,0,1,NA,1,1,NA
"785",6,15,1,1,7,1,1,1,1,0,NA,0.5,NA,NA,NA,NA,NA
"786",6,14,1,1,9,1.33333333333333,1,1.33333333333333,1,3,NA,1,2,NA,1,1,NA
"787",7,14,1,1,10,2.33333333333333,1.33333333333333,2.66666666666667,4,1,NA,1,1,NA,NA,1,NA
"788",6,14,1,1,5,1.33333333333333,1.33333333333333,2,3.33333333333333,NA,NA,NA,NA,NA,NA,NA,NA
"789",8,15,1,1,3,3.33333333333333,2.66666666666667,3.66666666666667,4,3,5,2,1,2,NA,1,1
"790",5,15,1,1,1,1.66666666666667,1,1.66666666666667,3,0.5,NA,0.5,0.5,NA,NA,1,NA
"791",6,14,1,1,10,3.33333333333333,1.66666666666667,3.66666666666667,3,0,NA,2,NA,NA,NA,NA,NA
"792",5,14,1,1,11,3.33333333333333,2.66666666666667,3,4,0,NA,2,NA,NA,NA,NA,NA
"793",11,15,1,1,11,4.33333333333333,3.66666666666667,3.66666666666667,4,13,13,4,5,4,1,1,1
"794",5,14,1,1,10,1.66666666666667,1,1.66666666666667,1,NA,NA,NA,NA,NA,NA,NA,NA
"795",6,14,1,1,3,1.66666666666667,2,2.33333333333333,2.66666666666667,0,9,3,3,3,NA,NA,NA
"796",5,15,1,1,2,1,1,1,1.33333333333333,0,NA,0.5,0.5,NA,NA,NA,NA
"797",5,14,0,1,10,1.33333333333333,1,2.33333333333333,1.33333333333333,NA,NA,NA,NA,NA,NA,NA,NA
"798",8,15,1,1,9,2.33333333333333,2,3.33333333333333,3,0,8,5,1,2,NA,NA,NA
"799",9,15,0,1,6,2.33333333333333,2.33333333333333,2.33333333333333,2,12,12,5,2,5,1,1,1
"800",5,15,1,1,2,2,1,2,3.33333333333333,NA,NA,NA,NA,NA,NA,NA,NA
"801",7,14,1,1,9,2.66666666666667,2.66666666666667,3,3,NA,NA,NA,NA,NA,NA,NA,NA
"802",7,14,1,1,3,4,1,4,1.66666666666667,NA,NA,NA,NA,NA,NA,NA,NA
"803",13,15,1,1,4,2.66666666666667,4,3.66666666666667,3,0,NA,0.5,NA,NA,NA,NA,NA
"804",8,14,0,1,9,3.66666666666667,3.66666666666667,3.33333333333333,3.66666666666667,0.5,NA,1,0.5,NA,NA,1,NA
"805",5,15,1,1,11,2.66666666666667,3,3.33333333333333,3.33333333333333,NA,NA,NA,NA,NA,NA,NA,NA
"806",7,15,1,1,9,3,3.33333333333333,3.66666666666667,3,NA,NA,NA,NA,NA,NA,NA,NA
"807",7,15,1,1,6,1.33333333333333,1.33333333333333,1.66666666666667,3.66666666666667,0.5,1.5,0.5,0.5,0.5,1,NA,NA
"808",9,15,1,1,3,4.33333333333333,3.33333333333333,4.66666666666667,5,1,NA,1,NA,NA,1,NA,NA
"809",11,15,1,1,9,4.33333333333333,4.66666666666667,4.33333333333333,4.33333333333333,0,NA,3,NA,NA,NA,NA,NA
"810",5,15,1,1,11,1.33333333333333,1,1.66666666666667,3.33333333333333,1.5,2,0.5,1,0.5,NA,1,1
"811",5,14,1,1,3,1.33333333333333,1,1.66666666666667,1.33333333333333,NA,NA,NA,NA,NA,NA,NA,NA
"812",7,14,0,1,9,3,3,2.66666666666667,3,NA,NA,NA,NA,NA,NA,NA,NA
"813",6,14,0,1,9,2.66666666666667,1,2.66666666666667,1.66666666666667,NA,NA,NA,NA,NA,NA,NA,NA
"814",6,14,1,1,5,1.66666666666667,1.66666666666667,1,3,NA,NA,NA,NA,NA,NA,NA,NA
"815",10,15,1,1,2,5,4.66666666666667,4.66666666666667,4.66666666666667,0.5,NA,0.5,NA,NA,1,NA,NA
"816",8,14,1,1,4,3.66666666666667,3,3.33333333333333,3.66666666666667,2,NA,2,NA,NA,1,NA,NA
"817",7,15,1,1,9,2,3,2.66666666666667,2.66666666666667,0,NA,5,NA,NA,NA,NA,NA
"818",5,15,0,1,9,1.66666666666667,1,2,1,NA,NA,NA,NA,NA,NA,NA,NA
"819",8,15,1,1,10,3.33333333333333,2.66666666666667,3,4,0,NA,0.5,NA,NA,NA,NA,NA
"820",6,14,1,1,6,1,1,1,1,0,NA,1,NA,NA,NA,NA,NA
"821",5,14,1,1,11,1.66666666666667,2,1.33333333333333,2.66666666666667,0,2.5,1,0.5,1,NA,NA,NA
"822",8,15,1,1,4,3,3,3,3,0,NA,0.5,NA,NA,NA,NA,NA
"823",5,15,1,1,3,3,1.66666666666667,3.33333333333333,3.66666666666667,NA,NA,NA,NA,NA,NA,NA,NA
"824",7,14,1,1,10,2,1,3,1.33333333333333,NA,NA,NA,NA,NA,NA,NA,NA
"825",6,14,1,1,7,2.33333333333333,2.66666666666667,1.66666666666667,2,NA,NA,NA,NA,NA,NA,NA,NA
"826",5,15,1,1,5,1.33333333333333,1,2.66666666666667,2.33333333333333,0.5,3,0.5,0.5,2,NA,1,NA
"827",5,15,1,1,5,2,2,2.33333333333333,2.33333333333333,1.5,NA,1,0.5,NA,1,1,NA
"828",5,15,1,1,1,1,1,1,1,0,NA,0.5,NA,NA,NA,NA,NA
"829",7,14,1,1,8,3.66666666666667,1.33333333333333,2.66666666666667,3,0,1.5,0.5,0.5,0.5,NA,NA,NA
"830",10,15,0,1,6,2.66666666666667,2.33333333333333,3,2.33333333333333,3,5,2,1,2,NA,1,1
"831",6,15,1,1,2,3.33333333333333,1,3.33333333333333,2.66666666666667,1,2,1,0.5,0.5,NA,1,1
"832",5,14,1,1,10,1,1.66666666666667,1.66666666666667,1,4,NA,4,2,NA,1,NA,NA
"833",7,14,1,1,10,1,1,1,1,NA,NA,NA,NA,NA,NA,NA,NA
"834",15,15,1,1,3,3.66666666666667,3.66666666666667,4.66666666666667,4,0,NA,0.5,NA,NA,NA,NA,NA
"835",8,14,1,1,8,4,2.33333333333333,4.33333333333333,3,NA,NA,NA,NA,NA,NA,NA,NA
"836",7,15,1,1,1,2,1.66666666666667,2,1.33333333333333,1,2,1,0.5,0.5,1,NA,NA
"837",6,15,1,1,3,1,1,1,1,0.5,NA,0.5,NA,NA,1,NA,NA
"838",7,14,1,1,3,2.66666666666667,2,2.33333333333333,2.33333333333333,0.5,2,1,0.5,0.5,NA,1,NA
"839",5,15,1,1,3,4,2.33333333333333,3.66666666666667,4,2,NA,1,1,NA,1,1,NA
"840",5,14,0,1,5,1,1,1.33333333333333,1,NA,NA,NA,NA,NA,NA,NA,NA
"841",9,14,1,1,11,3.33333333333333,3.33333333333333,4,3.66666666666667,1,NA,2,1,NA,NA,1,NA
"842",8,14,1,1,4,2.33333333333333,1.66666666666667,2,2.33333333333333,5,5,3,1,1,1,1,1
"843",6,15,1,1,9,1,1,1,1,0.5,NA,0.5,NA,NA,1,NA,NA
"844",6,15,1,1,5,1.66666666666667,1.66666666666667,1.66666666666667,1.66666666666667,NA,NA,NA,NA,NA,NA,NA,NA
"845",6,14,1,1,4,1.33333333333333,2,1.66666666666667,3.33333333333333,4,NA,2,2,NA,1,1,NA
"846",5,15,1,1,6,1,1,1.33333333333333,1.66666666666667,NA,NA,NA,NA,NA,NA,NA,NA
"847",7,14,1,1,10,2.66666666666667,2,2.66666666666667,2,0,NA,1,NA,NA,NA,NA,NA
"848",5,14,0,1,9,1,1,1,1,NA,NA,NA,NA,NA,NA,NA,NA
"849",6,15,1,1,7,2,2,2,2,2,2.5,0.5,1,1,NA,1,1
"850",13,15,1,1,9,5,5,5,5,2,NA,2,NA,NA,1,NA,NA
"851",6,14,1,1,3,1.33333333333333,1.33333333333333,1.33333333333333,2,0,NA,1,NA,NA,NA,NA,NA
"852",6,14,1,1,7,2.66666666666667,3.33333333333333,3.33333333333333,4,0,NA,0.5,1,NA,NA,NA,NA
"853",7,15,1,1,8,2,2,2.33333333333333,1.66666666666667,0,NA,0.5,NA,NA,NA,NA,NA
"854",5,15,1,1,11,2,2,2.33333333333333,2.33333333333333,0.5,NA,0.5,NA,NA,1,NA,NA
"855",5,15,1,1,10,2.33333333333333,1.66666666666667,1.66666666666667,1.66666666666667,NA,NA,NA,NA,NA,NA,NA,NA
"856",6,14,1,1,10,2.66666666666667,1.33333333333333,2.66666666666667,3.33333333333333,0.5,NA,0.5,NA,NA,1,NA,NA
"857",6,14,1,1,3,2.66666666666667,1.66666666666667,3.33333333333333,3,0,NA,2,3,NA,NA,NA,NA
"858",8,15,1,1,10,3.66666666666667,3.33333333333333,4.33333333333333,3.66666666666667,2,NA,2,0.5,NA,1,NA,NA
"859",11,15,1,1,8,4,4,4,4,NA,NA,NA,NA,NA,NA,NA,NA
"860",6,15,0,1,9,1,1,2,2.33333333333333,NA,NA,NA,NA,NA,NA,NA,NA
"861",5,14,1,1,11,1,1,1,1,0.5,NA,0.5,0.5,NA,NA,1,NA
"862",10,14,1,1,6,3,3,3,3,NA,NA,NA,NA,NA,NA,NA,NA
"863",6,14,1,1,9,1.66666666666667,2.33333333333333,2.33333333333333,2.33333333333333,0.5,NA,0.5,1,NA,1,NA,NA
"864",6,14,1,1,2,1.66666666666667,2.33333333333333,2,2,NA,NA,NA,NA,NA,NA,NA,NA
"865",5,14,1,1,5,1,1.33333333333333,1.66666666666667,1,0,NA,0.5,NA,NA,NA,NA,NA
"866",5,14,1,1,10,1.66666666666667,1,1,1,1,1.5,0.5,0.5,0.5,1,1,NA
"867",6,15,1,1,7,1.66666666666667,1,1,1.66666666666667,4,6,2,1,3,NA,1,1
"868",6,14,1,1,5,1,1,1,1,0,1.5,0.5,0.5,0.5,NA,NA,NA
"869",5,15,1,1,10,2.33333333333333,2,2.33333333333333,2.33333333333333,0.5,NA,0.5,0.5,NA,1,NA,NA
"870",7,15,1,1,4,3.33333333333333,3,3.33333333333333,2.66666666666667,1.5,NA,1,0.5,NA,1,1,NA
"871",5,14,1,1,3,3,3.66666666666667,3.33333333333333,2,1,4,1,2,1,NA,NA,1
"872",12,15,1,1,9,4.33333333333333,3,5,3.66666666666667,NA,NA,NA,NA,NA,NA,NA,NA
"873",5,15,1,1,2,1.66666666666667,1,2.33333333333333,1.33333333333333,1,2,0.5,0.5,1,1,1,NA
"874",5,15,0,1,7,1.33333333333333,3.33333333333333,1.66666666666667,2.33333333333333,0,NA,2,NA,NA,NA,NA,NA
"875",6,15,1,1,10,2,1.66666666666667,2.33333333333333,3,0,NA,0.5,0.5,NA,NA,NA,NA
"876",10,14,1,1,10,2.33333333333333,4,3,2.66666666666667,5,NA,5,3,NA,1,NA,NA
"877",10,15,0,1,9,3,3,3,3,NA,NA,NA,NA,NA,NA,NA,NA
"878",6,15,1,1,10,2,1.33333333333333,2.33333333333333,4,5,7,2,3,2,NA,1,1
"879",6,14,0,1,8,2.33333333333333,2,3.33333333333333,2,4,NA,2,2,NA,1,1,NA
"880",7,15,1,1,10,3,4.33333333333333,3,3,NA,NA,NA,NA,NA,NA,NA,NA
"881",7,14,1,1,3,2.33333333333333,3.33333333333333,3,3.66666666666667,0.5,2,1,0.5,0.5,NA,NA,1
"882",12,14,1,1,3,5,5,5,5,3,NA,3,NA,NA,1,NA,NA
"883",5,14,1,1,5,2,1.33333333333333,1.66666666666667,1.66666666666667,3.5,3.5,0.5,1,2,1,1,1
"884",7,15,1,1,6,3.66666666666667,3,4.66666666666667,4.66666666666667,1,NA,2,1,NA,NA,1,NA
"885",6,14,1,1,4,1,1,1,1,2,NA,1,1,NA,1,1,NA
"886",6,15,1,1,11,2,1.66666666666667,2,1.33333333333333,4,4,1,1,2,1,1,1
"887",7,15,1,1,9,2,1.66666666666667,2.33333333333333,2.33333333333333,0,NA,0.5,NA,NA,NA,NA,NA
"888",5,14,1,1,2,1.66666666666667,2,1.66666666666667,1.66666666666667,0.5,NA,0.5,0.5,NA,NA,1,NA
"889",8,14,1,1,6,2.66666666666667,2,2.33333333333333,2.66666666666667,NA,NA,NA,NA,NA,NA,NA,NA
"890",10,14,1,1,11,4.33333333333333,4,4.66666666666667,4.33333333333333,1,NA,1,2,NA,1,NA,NA
"891",6,15,1,1,6,3,2,4,3.33333333333333,0,1.5,0.5,0.5,0.5,NA,NA,NA
"892",10,15,1,1,11,3.66666666666667,3.66666666666667,4,4,NA,NA,NA,NA,NA,NA,NA,NA
"893",7,15,0,1,8,2.33333333333333,1.33333333333333,2.66666666666667,2.66666666666667,2,NA,2,NA,NA,1,NA,NA
"894",7,14,1,1,6,2.33333333333333,3,2.66666666666667,3,0,1.5,0.5,0.5,0.5,NA,NA,NA
"895",6,15,1,1,7,2.33333333333333,1.66666666666667,2,4,0,NA,0.5,NA,NA,NA,NA,NA
"896",10,15,1,1,1,3,2.66666666666667,3.33333333333333,3,NA,NA,NA,NA,NA,NA,NA,NA
"897",5,14,1,1,4,1.33333333333333,1,1.33333333333333,2,NA,NA,NA,NA,NA,NA,NA,NA
"898",5,15,1,1,4,1.66666666666667,1.33333333333333,2.66666666666667,1.66666666666667,0,1.5,0.5,0.5,0.5,NA,NA,NA
"899",13,15,1,1,2,3.33333333333333,4.66666666666667,5,4.66666666666667,NA,NA,NA,NA,NA,NA,NA,NA
"900",7,15,1,1,5,1,1,1.66666666666667,1.66666666666667,2,NA,2,NA,NA,1,NA,NA
"901",5,14,1,1,2,1.66666666666667,2.33333333333333,1.33333333333333,1.66666666666667,1,NA,1,2,NA,1,NA,NA
"902",8,14,0,1,10,1,1,1,2,1,NA,0.5,1,NA,NA,1,NA
"903",6,15,1,1,9,2.33333333333333,1.33333333333333,1.66666666666667,2.66666666666667,NA,NA,NA,NA,NA,NA,NA,NA
"904",8,14,1,1,5,4,3,4,3.66666666666667,0,2,1,0.5,0.5,NA,NA,NA
"905",6,14,1,1,5,3.33333333333333,2,4,4,0.5,1.5,0.5,0.5,0.5,NA,NA,1
"906",6,14,1,1,3,2.66666666666667,2.33333333333333,3.33333333333333,2,0.5,1.5,0.5,0.5,0.5,NA,1,NA
"907",15,14,1,1,2,4.66666666666667,5,5,5,NA,NA,NA,NA,NA,NA,NA,NA
"908",6,15,1,1,5,2.66666666666667,2,2,3,0.5,NA,0.5,NA,NA,1,NA,NA
"909",5,14,1,1,6,1,1,1,1,0.5,1.5,0.5,0.5,0.5,NA,NA,1
"910",7,15,1,1,9,2.33333333333333,1.66666666666667,2.33333333333333,2.33333333333333,NA,NA,NA,NA,NA,NA,NA,NA
"911",6,14,1,1,11,1.66666666666667,1.33333333333333,2,2.33333333333333,3.5,3.5,1,2,0.5,1,1,1
"912",7,15,1,1,3,4.33333333333333,1.33333333333333,4.66666666666667,5,4,5,2,1,2,1,NA,1
"913",6,14,1,1,1,3.33333333333333,3,3.66666666666667,3.66666666666667,0.5,1.5,0.5,0.5,0.5,1,NA,NA
"914",5,15,1,1,9,1.66666666666667,2,3,3.33333333333333,0,NA,1,1,NA,NA,NA,NA
"915",6,15,1,1,9,1.66666666666667,2,2.66666666666667,2,NA,NA,NA,NA,NA,NA,NA,NA
"916",7,14,1,1,8,4,2.66666666666667,4.33333333333333,4,0,NA,0,0,NA,NA,1,NA
"917",14,15,0,1,6,4.66666666666667,4.33333333333333,4.33333333333333,4.66666666666667,0,NA,2,NA,NA,NA,NA,NA
"918",5,15,1,1,8,1,1,1,1,3,3,1,1,1,1,1,1
"919",5,14,1,1,3,5,5,5,5,4,NA,4,6,NA,1,NA,NA
"920",6,15,1,1,7,3,1.66666666666667,3,3,1.5,1.5,0.5,0.5,0.5,1,1,1
"921",6,15,1,1,3,3,4.33333333333333,3.66666666666667,3,1,NA,1,1,NA,NA,1,NA
"922",5,14,1,1,7,1,1,1,1.66666666666667,0.5,1.5,0.5,0.5,0.5,NA,NA,1
"923",6,15,1,1,11,2.33333333333333,1,1,1,NA,NA,NA,NA,NA,NA,NA,NA
"924",5,14,1,1,5,2.66666666666667,2,2,2.33333333333333,1.5,NA,1,0.5,NA,1,1,NA
"925",6,15,1,1,4,1,1,1.33333333333333,1,NA,NA,NA,NA,NA,NA,NA,NA
"926",6,15,1,1,4,3.66666666666667,3,3.66666666666667,3,NA,NA,NA,NA,NA,NA,NA,NA
"927",6,14,1,1,10,2,2,2,2,1.5,NA,1,0.5,NA,1,1,NA
"928",5,15,1,1,3,1.66666666666667,1,2,3,NA,NA,NA,NA,NA,NA,NA,NA
"929",5,14,1,1,8,1,1,1,1,NA,NA,NA,NA,NA,NA,NA,NA
"930",5,15,1,1,6,1,1,1.66666666666667,2.33333333333333,4,5,2,2,1,1,1,NA
"931",5,14,1,1,9,2.33333333333333,2.33333333333333,2.66666666666667,3.33333333333333,NA,NA,NA,NA,NA,NA,NA,NA
"932",5,14,1,1,10,2.33333333333333,1.66666666666667,3,2.66666666666667,2,NA,1,1,NA,1,1,NA
"933",7,14,1,1,10,1.66666666666667,1.66666666666667,1.33333333333333,2.66666666666667,1,4,2,1,1,NA,1,NA
"934",8,14,1,1,8,3.33333333333333,4,3.66666666666667,3,0,NA,1,0.5,NA,NA,NA,NA
"935",5,14,1,1,3,3,1.33333333333333,3.66666666666667,2.66666666666667,1.5,2,0.5,1,0.5,1,1,NA
"936",5,15,1,1,9,1,1,1.66666666666667,2,NA,NA,NA,NA,NA,NA,NA,NA
"937",5,14,1,1,10,1,1,1,2,0.5,NA,0,0.5,NA,1,1,NA
"938",6,14,1,1,5,1.66666666666667,2,1,1.33333333333333,4,4,2,1,1,1,1,1
"939",5,15,1,1,1,2,2,2,3,3,3,1,1,1,1,1,1
"940",11,14,0,1,9,3,2.33333333333333,3,3,1,NA,1,NA,NA,1,NA,NA
"941",10,14,0,1,10,4,3,4,3.33333333333333,2,NA,2,1,NA,1,NA,NA
"942",7,15,1,1,11,2.33333333333333,1,3,1,1,2,1,0.5,0.5,1,NA,NA
"943",6,15,1,1,8,3.33333333333333,2.66666666666667,3,3,0,NA,1,1,NA,NA,NA,NA
"944",10,14,1,1,2,2.33333333333333,4,3.33333333333333,2.66666666666667,1,NA,0.5,0.5,NA,1,1,NA
"945",5,14,0,1,9,2.66666666666667,2.33333333333333,3.66666666666667,2.33333333333333,1,2,0.5,1,0.5,1,NA,1
"946",8,14,1,1,7,3,4.33333333333333,4,4.33333333333333,0,NA,0.5,0.5,NA,NA,NA,NA
"947",6,15,1,1,9,1.33333333333333,1.33333333333333,2.33333333333333,2.33333333333333,NA,NA,NA,NA,NA,NA,NA,NA
"948",6,14,0,1,10,3.33333333333333,3.33333333333333,4,2.66666666666667,0,NA,0.5,NA,NA,NA,NA,NA
"949",7,15,1,1,10,1.66666666666667,2,1.66666666666667,3,1,1.5,0.5,0.5,0.5,NA,1,1
"950",8,14,1,1,4,2.33333333333333,2.33333333333333,2,2,0,NA,1,1,NA,NA,NA,NA
"951",5,14,1,1,3,1,1,1,1,3,4,2,1,1,1,1,NA
"952",5,15,1,1,3,3.33333333333333,4,3.33333333333333,3.66666666666667,NA,NA,2,NA,NA,NA,NA,NA
"953",7,15,1,1,8,2.66666666666667,1,2.33333333333333,1.66666666666667,2,NA,2,NA,NA,1,NA,NA
"954",5,14,1,1,1,1,1.66666666666667,1,1.66666666666667,1.5,2,0.5,1,0.5,NA,1,1
"955",5,14,1,1,4,1.66666666666667,1,1.66666666666667,2.33333333333333,NA,NA,NA,NA,NA,NA,NA,NA
"956",5,14,1,1,7,1,1,1,1,NA,NA,NA,NA,NA,NA,NA,NA
"957",7,15,1,1,11,3,3.33333333333333,2.33333333333333,3.66666666666667,3,NA,3,NA,NA,1,NA,NA
"958",5,14,1,1,10,1.66666666666667,3.66666666666667,2,2.33333333333333,0,NA,1,1,NA,NA,NA,NA
"959",5,15,1,1,9,2,2.33333333333333,2.66666666666667,3.33333333333333,1.5,4.5,0.5,3,1,1,NA,1
"960",7,14,1,1,10,3,2,4,3,1,NA,1,2,NA,1,NA,NA
"961",5,14,1,1,6,1,1,1,1,2,3,1,1,1,NA,1,1
"962",8,15,1,1,10,3.66666666666667,1.66666666666667,3.33333333333333,2.33333333333333,4,4,2,1,1,1,1,1
"963",6,15,1,1,4,2.33333333333333,3,3.33333333333333,1.66666666666667,NA,NA,NA,NA,NA,NA,NA,NA
"964",5,15,1,1,10,1,1,1,3,3,NA,3,NA,NA,1,NA,NA
"965",7,15,1,1,4,2.66666666666667,1.33333333333333,2.66666666666667,1.33333333333333,NA,NA,NA,NA,NA,NA,NA,NA
"966",5,15,1,1,9,3,3,3,4,19,19,7,6,6,1,1,1
"967",5,14,1,1,9,1.66666666666667,1,1,1,14,NA,7,7,NA,1,1,NA
"968",5,15,1,1,3,1,1,2.33333333333333,3.33333333333333,2,NA,2,2,NA,NA,1,NA
"969",5,15,1,1,4,1,1,2,1.33333333333333,2,2.5,1,1,0.5,1,1,NA
"970",8,15,1,1,3,3,2.66666666666667,2.33333333333333,3,NA,NA,NA,NA,NA,NA,NA,NA
"971",14,14,1,1,11,5,5,5,5,0,5.5,4,0.5,1,NA,NA,NA
"972",10,14,0,1,6,3,3,3,3,0,NA,1,NA,NA,NA,NA,NA
"973",6,15,1,1,11,2.33333333333333,2,2.33333333333333,1.33333333333333,0,NA,0.5,NA,NA,NA,NA,NA
"974",5,14,1,1,4,1.33333333333333,1,2,1.33333333333333,NA,NA,NA,NA,NA,NA,NA,NA
"975",6,15,1,1,1,1,1,1.66666666666667,2.33333333333333,0,NA,1,0.5,NA,NA,NA,NA
"976",15,14,1,1,4,5,5,5,3,0,NA,1,NA,NA,NA,NA,NA
"977",5,15,1,1,8,1,1,1,1.33333333333333,1.5,2,0.5,1,0.5,NA,1,1
"978",9,15,1,1,11,3.66666666666667,3.33333333333333,4,4,1,3,1,1,1,1,NA,NA
"979",7,15,1,1,10,1,1.66666666666667,1.66666666666667,1.66666666666667,1.5,2.5,1,1,0.5,1,NA,1
"980",5,14,0,1,9,1,1.33333333333333,1,1.33333333333333,1,NA,1,NA,NA,1,NA,NA
"981",6,15,1,1,6,3.33333333333333,2.66666666666667,3.33333333333333,3.33333333333333,2,NA,1,2,NA,NA,1,NA
"982",6,14,0,1,7,1,2.33333333333333,4,3.66666666666667,1,NA,1,NA,NA,1,NA,NA
"983",6,15,1,1,10,2.66666666666667,1.33333333333333,3.33333333333333,2.33333333333333,3,NA,1,2,NA,1,1,NA
"984",5,15,1,1,6,2,1,3,2.66666666666667,0,NA,0.5,NA,NA,NA,NA,NA
"985",6,15,1,1,8,2.66666666666667,4.33333333333333,3.66666666666667,2.33333333333333,4,6,2,2,2,NA,1,1
"986",6,14,1,1,9,2.66666666666667,2.66666666666667,3,4,5,NA,4,1,NA,1,1,NA
"987",10,15,1,1,6,3,4.66666666666667,3,2,5,7,2,3,2,1,1,NA
"988",5,15,1,1,9,2,2,2.33333333333333,2.33333333333333,NA,NA,NA,NA,NA,NA,NA,NA
"989",5,15,1,1,5,1,1,1,1,NA,NA,NA,NA,NA,NA,NA,NA
"990",5,15,1,1,5,2.33333333333333,1.66666666666667,1.66666666666667,2.33333333333333,4,6,2,3,1,NA,1,1
"991",6,15,1,1,6,1,2.33333333333333,1,1.33333333333333,1,NA,1,1,NA,NA,1,NA
"992",7,14,1,1,1,3,4,2.66666666666667,2.33333333333333,3,NA,3,NA,NA,1,NA,NA
"993",6,15,1,1,8,3,3,3,3,NA,NA,NA,NA,NA,NA,NA,NA
"994",10,14,1,1,8,3,3,3,3,NA,NA,NA,NA,NA,NA,NA,NA
"995",7,14,1,1,3,5,5,5,5,NA,NA,NA,NA,NA,NA,NA,NA
"996",7,15,1,1,4,2,1.66666666666667,2,3.33333333333333,1,NA,2,1,NA,NA,1,NA
"997",5,14,1,1,7,1,1,2,1,NA,NA,NA,NA,NA,NA,NA,NA
"998",5,15,1,1,3,1.66666666666667,1.66666666666667,1.66666666666667,2,5,NA,5,NA,NA,1,NA,NA
"999",7,14,1,1,2,2.66666666666667,3.33333333333333,3,3,1.5,2,1,0.5,0.5,1,NA,1
"1000",6,15,1,1,10,2.33333333333333,1.33333333333333,3.66666666666667,1.33333333333333,NA,NA,NA,NA,NA,NA,NA,NA
"1001",7,15,1,1,3,4,2.33333333333333,3.66666666666667,3,0,2.5,0.5,1,1,NA,NA,NA
"1002",5,15,1,1,9,2,1.66666666666667,1.66666666666667,2.33333333333333,NA,NA,NA,NA,NA,NA,NA,NA
"1003",10,15,1,1,5,3.33333333333333,2.66666666666667,3.33333333333333,3.66666666666667,0.5,NA,0.5,NA,NA,1,NA,NA
"1004",10,15,1,1,8,3.33333333333333,4.33333333333333,2.33333333333333,2.66666666666667,7.5,14.5,7,0.5,7,NA,1,1
